,0,1,2,3,4,5,6,7,8,9,10,11,12,13,14,15,16,17,18,19,20
0,1,6,5,4,,A65,5,4,A93,1,4,1.0,67,3,2,2,3,1,2,A201,1
1,2,48,3,4,,A61,3,2,A92,1,2,1.0,22,3,2,1,3,1,1,A201,2
2,4,12,5,7,,A61,4,2,A93,1,3,1.0,49,3,2,1,2,2,1,A201,1
3,1,42,3,3,,A61,4,2,A93,3,4,,45,3,3,1,3,2,1,A201,1
4,1,24,4,1,,A61,3,3,A93,1,4,2.0,53,3,3,2,3,2,1,A201,2
5,4,36,3,7,,A65,3,2,A93,1,4,2.0,35,3,3,1,2,2,2,A201,1
6,4,24,3,3,,A63,5,3,A93,1,4,,53,3,2,1,3,1,1,A201,1
7,2,36,3,2,,A61,3,2,A93,1,2,,35,3,1,1,4,1,2,A201,1
8,4,12,3,4,,A64,4,2,A91,1,4,1.0,61,3,2,1,2,1,1,A201,1
9,2,30,5,1,,A61,1,4,A94,1,2,,28,3,2,2,4,1,1,A201,2
10,2,12,3,1,,A61,2,3,A92,1,1,,25,3,1,1,3,1,1,A201,2
11,1,48,3,10,,A61,2,3,A92,1,4,,24,3,1,1,3,1,1,A201,2
12,2,12,3,4,,A61,3,1,A92,1,1,,22,3,2,1,3,1,2,A201,1
13,1,24,5,1,,A61,5,4,A93,1,4,,60,3,2,2,2,1,1,A201,2
14,1,15,3,1,,A61,3,2,A92,1,4,,28,3,1,1,3,1,1,A201,1
15,1,24,3,4,,A62,3,4,A92,1,2,,32,3,2,1,2,1,1,A201,2
16,4,24,5,4,,A65,5,4,A93,1,4,,53,3,2,2,3,1,1,A201,1
17,1,30,1,10,,A65,2,2,A93,1,3,,25,1,2,3,3,1,1,A201,1
18,2,24,3,2,,A61,5,4,A92,1,2,2.0,44,3,3,1,4,1,2,A201,2
19,4,24,3,4,,A63,5,3,A93,1,2,,31,3,2,1,3,2,2,A201,1
20,4,9,5,1,,A61,3,4,A93,1,4,,48,3,2,3,3,1,2,A201,1
21,1,6,3,4,,A63,3,2,A93,1,3,1.0,44,3,1,1,3,2,1,A201,1
22,1,10,5,1,,A61,2,1,A93,1,3,1.0,48,3,1,2,2,2,1,A202,1
23,2,12,5,2,,A62,2,3,A93,1,4,,44,3,2,1,3,1,1,A201,1
24,4,10,5,3,,A65,3,2,A94,1,1,,26,3,2,2,3,1,1,A202,1
25,1,6,3,3,,A61,3,1,A93,1,2,1.0,36,1,2,1,2,1,2,A201,1
26,4,6,1,4,,A61,5,4,A94,1,4,,39,3,2,1,2,1,1,A201,1
27,3,12,2,4,,A64,3,3,A92,1,3,1.0,42,3,1,2,3,1,1,A201,1
28,2,7,3,4,,A61,3,3,A93,3,2,1.0,34,3,2,1,3,1,1,A201,1
29,1,60,4,10,,A61,5,3,A93,1,4,2.0,63,3,2,2,3,1,2,A201,2
30,2,18,3,10,,A64,2,3,A94,1,3,1.0,36,1,2,1,3,1,2,A201,1
31,1,24,3,3,,A61,3,2,A93,1,2,,27,2,2,1,3,1,1,A201,1
32,2,18,3,1,,A62,3,2,A93,1,2,,30,3,2,2,3,1,2,A201,1
33,4,12,5,10,,A65,5,4,A93,1,4,2.0,57,3,1,1,2,1,1,A201,1
34,3,12,3,3,,A61,2,4,A92,1,1,,33,1,2,1,4,1,2,A201,1
35,2,45,5,4,,A61,2,4,A93,1,2,,25,3,2,2,2,1,1,A201,2
36,4,48,5,7,,A61,3,1,A93,1,3,2.0,31,1,3,1,3,1,2,A201,1
37,3,18,3,4,,A61,3,4,A93,2,2,1.0,37,2,2,1,3,1,1,A201,2
38,3,10,3,5,,A61,3,2,A93,1,2,,37,3,2,1,3,1,2,A201,1
39,2,9,3,4,,A61,3,4,A93,1,3,1.0,24,3,2,1,3,1,1,A201,1
40,4,30,3,4,,A63,5,4,A93,1,2,,30,1,2,1,4,1,1,A201,1
41,2,12,3,4,,A63,3,3,A91,1,1,,26,3,2,1,3,1,2,A201,1
42,2,18,4,6,,A61,3,2,A93,1,4,1.0,44,3,2,1,2,2,2,A201,1
43,1,30,5,2,,A62,4,1,A94,1,4,,24,3,1,2,3,1,1,A201,1
44,1,48,5,2,,A61,5,4,A92,1,4,2.0,58,2,3,2,2,1,1,A201,2
45,4,11,5,1,,A61,2,4,A92,1,4,,35,3,2,2,4,1,1,A201,1
46,4,36,3,4,,A63,5,4,A93,1,4,,39,3,2,1,3,1,1,A201,1
47,1,6,3,2,,A63,1,1,A92,1,2,,23,3,1,1,1,1,2,A201,1
48,4,11,5,1,,A61,3,1,A93,1,4,,39,3,2,2,2,1,1,A201,1
49,4,12,3,4,,A62,3,4,A92,2,2,1.0,28,3,2,1,3,1,1,A201,1
50,2,24,4,3,,A65,2,4,A93,1,2,,29,1,2,1,2,1,1,A201,1
51,2,27,4,2,,A61,5,1,A93,1,2,,30,3,2,2,4,1,2,A201,1
52,4,12,3,4,,A61,3,3,A93,1,2,,25,3,2,1,3,1,1,A201,1
53,4,18,3,2,,A65,3,2,A93,1,1,,31,3,2,1,3,1,2,A201,1
54,2,36,4,1,,A61,5,4,A93,1,4,2.0,57,1,3,2,3,1,2,A201,2
55,4,6,2,1,,A65,3,1,A93,3,2,1.0,26,2,2,1,2,2,1,A201,1
56,2,12,3,4,,A65,1,2,A93,1,1,2.0,52,3,2,1,4,1,2,A201,2
57,4,36,5,4,,A61,3,2,A92,1,2,,31,2,2,2,3,1,1,A201,1
58,3,18,3,1,,A61,5,3,A92,1,2,,23,3,2,1,4,1,1,A201,1
59,1,36,5,3,,A61,2,4,A92,2,4,2.0,23,3,1,2,2,1,2,A201,2
60,2,9,3,10,,A61,3,2,A94,1,1,1.0,27,1,2,1,3,1,2,A201,1
61,2,15,5,4,,A65,5,4,A93,3,4,1.0,50,3,2,2,3,1,2,A201,1
62,2,36,1,10,,A61,5,4,A93,1,4,2.0,61,3,3,1,4,1,2,A201,2
63,2,48,1,10,,A61,3,2,A93,1,2,,25,3,2,1,3,1,2,A201,2
64,4,24,3,4,,A61,2,4,A92,1,4,,26,3,2,1,3,1,2,A201,1
65,4,27,3,6,,A65,5,4,A93,1,4,,48,3,2,4,3,2,2,A201,1
66,4,12,3,4,,A61,2,2,A92,1,2,,29,1,2,1,3,1,1,A201,1
67,2,12,3,1,,A64,3,4,A94,1,1,1.0,22,3,2,1,3,1,1,A201,1
68,4,36,3,7,,A61,3,4,A93,1,4,2.0,37,2,3,1,3,1,2,A201,2
69,4,36,3,4,,A65,3,4,A92,1,4,,25,3,2,1,3,1,1,A201,1
70,4,36,3,2,,A61,3,1,A92,1,2,,30,1,2,1,3,1,1,A201,1
71,4,7,5,4,,A65,5,4,A93,1,2,,46,3,1,2,2,1,2,A201,1
72,1,8,5,11,,A61,5,3,A93,1,4,2.0,51,1,3,2,4,2,2,A201,1
73,2,42,5,10,,A61,4,2,A92,1,1,1.0,41,1,2,2,2,1,1,A201,1
74,1,36,3,7,,A65,5,4,A93,1,4,2.0,40,3,2,1,4,1,2,A201,2
75,1,12,5,2,,A61,5,4,A93,1,4,2.0,66,3,3,2,4,1,1,A201,1
76,1,42,3,4,,A61,2,4,A93,1,3,,34,3,2,1,3,1,1,A201,2
77,2,11,4,4,,A61,4,2,A93,1,4,,51,3,2,1,3,1,1,A201,1
78,4,54,1,2,,A65,3,2,A93,1,2,,39,3,2,1,2,2,1,A201,1
79,2,30,3,3,,A61,2,2,A94,1,1,,22,3,2,1,3,1,1,A201,1
80,4,24,3,4,,A65,2,1,A92,1,1,,44,3,2,2,3,1,2,A201,2
81,4,15,3,4,,A63,5,4,A93,1,3,,47,2,2,1,3,1,2,A201,1
82,4,18,3,10,,A62,3,3,A92,1,4,,24,3,1,1,2,1,1,A201,1
83,1,24,3,11,,A61,5,4,A92,3,4,1.0,58,3,2,1,2,1,2,A201,1
84,1,10,3,4,,A61,5,3,A93,1,4,1.0,52,3,2,1,2,1,1,A201,1
85,4,12,5,10,,A61,3,4,A92,3,2,1.0,29,3,2,2,4,1,2,A201,1
86,2,18,5,3,,A61,2,4,A92,1,1,,27,3,2,2,3,1,1,A201,1
87,2,36,3,7,,A62,3,1,A93,1,4,2.0,47,3,3,1,3,2,2,A201,2
88,1,18,3,1,,A62,4,4,A93,1,3,,30,3,2,1,4,2,2,A201,1
89,1,12,1,6,,A61,4,4,A93,1,3,1.0,28,3,2,2,3,1,1,A201,2
90,4,12,5,4,,A61,5,4,A93,1,4,1.0,56,3,2,1,3,1,1,A201,1
91,1,12,5,2,,A61,5,4,A93,1,3,1.0,54,3,2,1,3,1,1,A201,1
92,4,12,5,4,,A65,5,4,A92,1,3,,33,1,2,1,2,2,1,A201,2
93,3,24,5,3,,A65,5,4,A93,2,4,2.0,20,3,1,2,3,1,1,A201,1
94,2,12,3,1,,A64,5,4,A93,1,4,1.0,54,3,2,1,3,1,2,A201,1
95,2,54,1,10,,A61,2,3,A93,1,4,2.0,58,3,1,1,3,1,2,A201,2
96,4,12,5,7,,A65,4,4,A92,1,2,,61,3,2,1,3,1,1,A201,1
97,2,18,3,10,,A62,3,4,A93,1,4,,34,3,2,1,3,1,1,A201,1
98,2,36,5,4,,A61,5,4,A93,1,4,1.0,36,3,2,1,3,1,1,A201,1
99,2,20,4,2,,A65,4,3,A93,1,4,,36,1,1,2,4,2,2,A201,1
100,4,24,3,1,,A62,5,4,A94,1,4,1.0,41,3,1,1,2,1,1,A201,1
101,2,36,3,4,,A61,4,4,A93,1,4,,24,3,1,1,3,1,1,A201,1
102,4,6,4,4,,A61,3,3,A92,1,2,1.0,24,3,2,1,3,1,1,A201,1
103,2,9,5,3,,A61,4,4,A93,1,3,,35,3,1,1,3,1,2,A201,1
104,4,12,3,2,,A65,2,2,A94,1,4,,26,3,1,1,3,1,2,A201,1
105,2,24,5,11,,A61,3,2,A93,2,3,,39,3,2,2,4,2,2,A201,2
106,4,18,2,1,,A61,5,2,A93,1,4,2.0,39,1,2,2,4,2,2,A201,2
107,2,12,3,1,,A61,4,2,A93,1,2,,32,3,2,1,3,1,1,A201,1
108,1,24,3,3,,A65,2,1,A92,1,2,,30,3,2,1,3,1,2,A202,1
109,2,14,3,10,,A63,5,1,A94,1,2,1.0,35,3,2,1,3,1,2,A201,1
110,2,6,4,10,,A62,5,1,A91,1,2,,31,1,2,2,3,2,1,A201,1
111,3,15,3,7,,A61,2,4,A92,1,4,,23,3,1,1,3,1,2,A201,1
112,2,18,3,1,,A61,4,3,A93,1,3,1.0,28,3,1,1,2,1,1,A201,1
113,4,36,5,1,,A61,3,4,A92,1,2,1.0,25,2,2,2,3,1,2,A201,2
114,1,12,3,4,,A63,5,3,A94,1,1,1.0,35,3,2,1,3,1,1,A201,1
115,4,48,5,4,,A65,5,4,A93,1,1,1.0,47,3,2,1,3,1,2,A201,1
116,1,42,3,4,,A65,4,4,A92,1,3,,30,3,2,1,4,1,2,A201,2
117,1,10,5,3,,A65,2,2,A92,2,3,1.0,27,3,1,2,3,1,1,A202,1
118,1,33,5,3,,A63,3,1,A92,1,4,,23,3,2,2,3,1,1,A201,2
119,2,12,5,1,,A63,4,3,A91,1,3,,36,3,2,1,4,1,2,A201,1
120,1,21,3,4,,A61,3,3,A92,1,2,1.0,25,3,2,2,3,1,2,A201,2
121,4,24,5,2,,A61,5,4,A92,1,2,,41,3,1,2,4,1,2,A201,1
122,4,12,3,3,,A61,3,3,A93,1,2,1.0,24,3,1,1,2,1,1,A201,1
123,3,10,5,1,,A61,5,4,A93,1,4,2.0,63,3,3,2,3,1,2,A201,1
124,2,18,3,3,,A65,2,4,A92,1,3,1.0,27,3,1,1,3,1,1,A201,2
125,1,12,5,1,,A61,3,4,A93,1,2,,30,3,2,2,3,1,1,A201,1
126,1,12,3,4,,A61,3,4,A94,1,2,1.0,40,3,2,1,2,1,1,A201,1
127,2,12,3,6,,A61,3,4,A93,1,2,,30,3,2,1,3,1,1,A201,2
128,2,12,5,2,,A61,1,4,A93,1,2,,34,3,2,2,4,1,2,A201,1
129,1,12,5,1,,A61,3,3,A92,2,2,1.0,29,3,2,2,3,1,1,A201,2
130,2,48,3,1,,A65,4,1,A92,1,2,,24,3,2,1,3,1,1,A201,1
131,1,36,4,7,,A61,3,4,A93,1,3,,29,2,2,1,3,1,2,A201,2
132,4,15,3,3,,A61,2,2,A93,1,3,,27,1,2,2,2,1,1,A201,1
133,4,18,3,3,,A61,3,4,A93,1,4,2.0,47,1,3,2,3,1,1,A201,1
134,4,60,3,4,,A62,4,2,A92,1,4,1.0,21,3,2,1,3,1,2,A201,1
135,4,12,5,4,,A65,5,4,A92,1,2,1.0,38,3,2,2,3,1,2,A201,1
136,4,27,4,2,,A64,3,2,A93,1,2,,27,3,2,2,3,1,1,A201,1
137,2,12,3,4,,A63,3,4,A93,1,3,1.0,66,3,2,1,2,1,1,A201,2
138,2,15,5,4,,A65,4,4,A93,3,2,1.0,35,1,2,3,3,1,2,A201,1
139,3,12,3,4,,A61,3,2,A92,1,2,,44,3,1,1,2,1,2,A201,1
140,3,6,3,1,,A64,2,2,A94,1,2,1.0,27,3,2,1,1,1,1,A202,1
141,2,36,3,4,,A61,2,4,A92,1,1,2.0,30,3,2,1,4,1,2,A201,1
142,1,27,3,4,,A61,3,3,A93,1,2,,27,3,2,1,4,1,1,A201,1
143,1,18,3,3,,A61,3,2,A93,1,2,,22,3,2,1,3,1,1,A201,2
144,4,21,5,3,,A61,2,4,A92,1,4,,23,3,2,1,3,1,2,A201,1
145,2,48,2,10,,A62,4,4,A93,1,2,,30,3,2,1,3,1,1,A201,1
146,1,6,5,1,,A61,5,1,A92,1,4,2.0,39,3,2,2,3,1,2,A201,1
147,4,12,5,1,,A62,4,4,A92,1,3,,51,3,2,2,3,1,2,A201,1
148,1,36,5,3,,A61,3,3,A93,3,2,,28,3,2,2,3,1,1,A201,1
149,4,18,5,4,,A64,5,4,A93,1,4,,46,3,2,2,3,1,1,A201,1
150,4,6,3,4,,A62,5,2,A93,1,4,2.0,42,1,3,1,3,2,2,A201,1
151,4,10,3,4,,A61,3,1,A93,1,4,,38,3,2,1,3,1,2,A202,1
152,3,36,3,4,,A61,3,4,A93,1,1,,24,3,2,1,3,1,1,A201,1
153,2,24,5,2,,A64,5,2,A92,1,4,2.0,29,3,1,1,3,1,1,A201,1
154,2,24,4,10,,A62,4,4,A93,1,4,,36,3,1,1,4,1,2,A201,1
155,1,12,3,3,,A61,3,2,A92,1,4,,20,3,1,1,3,1,1,A201,2
156,1,9,5,6,,A62,5,3,A93,3,4,1.0,48,3,2,2,3,2,1,A202,1
157,1,12,2,9,,A61,5,4,A94,1,1,,45,1,2,1,2,1,1,A201,1
158,2,24,3,1,,A62,4,2,A93,1,3,,38,1,2,2,3,1,2,A201,1
159,4,6,5,4,,A65,3,1,A93,1,2,1.0,34,3,2,2,2,2,1,A201,1
160,4,24,5,4,,A62,5,3,A93,1,4,1.0,36,3,2,1,3,2,2,A201,1
161,4,18,5,1,,A61,2,4,A92,1,1,,30,3,2,2,3,1,1,A201,1
162,4,15,3,5,,A63,4,4,A93,1,3,,36,3,2,2,3,1,2,A201,1
163,2,10,3,1,,A61,1,2,A93,1,4,2.0,70,1,3,1,4,1,2,A201,1
164,4,36,3,1,,A63,5,4,A93,1,4,,36,3,2,1,3,1,1,A201,1
165,4,6,3,3,,A63,3,1,A93,1,2,,32,3,2,1,3,1,2,A201,1
166,1,18,3,3,,A61,1,4,A92,1,2,,33,3,2,1,3,1,1,A201,2
167,2,11,3,3,,A64,2,4,A92,1,1,1.0,20,3,2,1,3,1,1,A201,1
168,4,24,3,3,,A61,4,2,A92,1,4,,25,3,1,1,3,1,2,A201,1
169,2,24,5,10,,A61,5,4,A91,1,4,1.0,31,3,2,2,3,1,2,A201,2
170,1,15,1,1,,A61,5,4,A93,1,3,,33,3,1,2,3,2,1,A201,2
171,4,12,3,3,,A61,3,4,A92,1,1,1.0,26,3,2,1,3,1,2,A201,1
172,2,24,4,3,,A61,1,3,A92,1,2,,34,3,2,1,4,1,2,A201,2
173,2,8,3,4,,A61,3,4,A93,3,2,1.0,33,3,2,1,3,1,1,A202,1
174,1,21,4,7,,A61,2,2,A93,1,1,,26,3,2,2,3,1,1,A201,2
175,4,30,2,2,,A65,1,4,A92,1,1,1.0,53,1,2,1,4,1,2,A201,2
176,1,12,3,3,,A61,3,2,A91,1,1,,42,3,2,1,3,1,1,A201,1
177,1,6,5,4,,A63,5,4,A93,1,4,,52,3,2,2,3,1,1,A201,1
178,4,12,3,4,,A61,4,4,A93,1,2,,31,3,1,2,4,2,2,A201,1
179,1,21,5,1,,A61,5,4,A93,1,4,1.0,65,3,2,2,3,1,1,A201,1
180,4,36,4,10,,A61,2,1,A91,1,1,,28,3,2,2,3,1,1,A201,2
181,2,36,4,10,,A61,3,2,A91,1,2,1.0,30,2,2,2,4,1,2,A201,2
182,1,21,2,1,,A65,3,4,A93,1,2,,40,3,2,2,2,2,1,A201,2
183,4,24,5,3,,A64,3,4,A93,1,4,1.0,50,3,2,1,3,1,2,A201,1
184,2,18,5,1,,A61,5,4,A93,1,4,,36,1,2,1,3,2,2,A201,2
185,4,15,5,4,,A61,3,4,A93,1,2,,31,3,2,2,3,1,1,A201,1
186,2,9,2,2,,A61,5,2,A92,1,4,2.0,74,1,3,1,4,2,2,A201,2
187,2,16,5,1,,A61,1,2,A93,1,3,,68,3,3,3,1,1,2,A201,1
188,1,12,3,4,,A62,4,4,A94,1,1,,20,3,2,1,3,1,1,A201,2
189,2,18,1,3,,A61,3,1,A92,1,4,,33,1,2,2,3,1,2,A201,1
190,4,24,3,10,,A64,3,2,A93,1,3,,54,3,2,3,4,1,2,A201,2
191,2,48,1,10,,A62,4,4,A93,1,4,2.0,34,3,3,1,2,2,1,A201,2
192,2,27,3,10,,A61,3,4,A93,1,2,,36,3,2,1,3,2,2,A201,2
193,4,6,3,4,,A61,4,2,A94,1,2,1.0,29,3,1,1,3,1,1,A201,1
194,2,45,3,4,,A62,3,4,A93,3,4,,21,3,1,1,3,1,1,A201,2
195,2,9,5,7,,A61,5,2,A92,1,3,,34,3,2,2,4,1,2,A201,2
196,4,6,5,4,,A61,3,1,A92,1,1,,28,3,2,2,3,1,2,A201,1
197,2,12,3,3,,A62,2,4,A92,1,4,,27,1,1,4,3,1,1,A201,2
198,2,24,3,2,,A65,5,4,A93,1,4,2.0,36,1,3,1,3,1,2,A201,1
199,2,18,4,3,,A61,5,4,A91,1,3,2.0,40,3,2,1,4,1,2,A201,2
200,4,9,5,7,,A63,5,4,A93,1,2,,52,3,2,2,3,1,2,A201,1
201,1,12,3,1,,A61,3,4,A94,1,3,1.0,27,3,2,1,2,1,1,A201,1
202,4,27,4,10,,A61,4,3,A93,1,4,,26,3,2,2,3,1,1,A201,1
203,1,12,3,9,,A61,4,4,A94,1,4,,21,3,1,1,3,1,1,A201,2
204,4,12,5,1,,A61,5,4,A93,1,1,1.0,38,3,2,2,2,2,1,A201,1
205,1,30,5,2,,A61,5,3,A93,1,4,2.0,38,3,3,3,4,2,2,A201,1
206,4,12,5,3,,A61,5,4,A93,1,4,1.0,43,3,2,3,3,1,2,A201,1
207,2,12,5,5,,A61,4,4,A93,1,3,,26,3,2,1,3,1,1,A201,1
208,1,24,3,10,,A61,3,2,A94,1,2,,21,2,2,1,2,1,1,A201,1
209,4,12,3,2,,A64,4,3,A93,1,2,,55,3,2,1,3,1,1,A202,1
210,4,9,5,4,,A65,3,1,A93,1,2,1.0,33,3,2,2,3,2,1,A201,1
211,4,36,3,4,,A65,5,2,A92,1,4,1.0,45,3,2,1,2,1,2,A201,1
212,1,27,1,10,,A61,1,2,A93,1,4,,50,2,2,2,3,1,2,A201,2
213,3,30,4,10,,A61,5,4,A93,1,4,1.0,66,3,2,1,4,1,2,A201,2
214,4,36,5,4,,A65,5,4,A93,1,2,,51,3,2,1,3,1,2,A201,1
215,2,6,5,9,,A65,4,1,A92,1,3,,39,3,2,2,2,1,1,A201,1
216,1,18,1,10,,A61,4,3,A93,1,1,,31,1,2,1,3,1,2,A201,1
217,3,36,3,4,,A61,3,2,A93,1,2,1.0,23,3,2,1,3,1,2,A201,1
218,1,24,3,3,,A61,3,2,A91,1,2,1.0,24,3,1,1,2,1,1,A201,1
219,4,10,3,1,,A61,3,2,A92,1,4,,64,3,2,1,3,1,2,A201,1
220,2,12,3,4,,A61,2,4,A94,3,1,1.0,26,1,2,1,2,1,1,A201,1
221,1,12,3,7,,A65,3,4,A92,1,4,,23,1,1,1,3,1,2,A201,1
222,4,12,3,4,,A61,3,4,A93,1,2,1.0,30,1,2,2,3,1,1,A201,1
223,4,24,4,10,,A65,3,4,A93,1,4,1.0,32,3,2,2,3,2,2,A201,1
224,4,15,3,2,,A61,3,3,A93,1,2,,30,3,2,1,3,1,2,A201,1
225,4,36,1,6,,A61,3,4,A93,1,2,,27,3,2,2,3,1,1,A201,1
226,2,48,3,4,,A64,4,1,A93,2,2,2.0,27,1,2,2,3,1,2,A201,2
227,1,12,3,3,,A61,5,4,A93,1,4,2.0,53,3,3,1,4,1,2,A201,2
228,4,9,3,4,,A61,4,4,A93,1,2,,22,3,2,1,3,1,1,A201,2
229,1,24,3,3,,A61,2,4,A93,1,1,2.0,22,1,3,1,3,1,1,A201,1
230,3,36,3,4,,A61,3,4,A93,1,2,,26,3,2,1,3,1,1,A201,2
231,4,9,3,1,,A63,5,2,A93,1,4,2.0,51,3,3,1,2,1,1,A201,1
232,4,12,3,4,,A62,4,3,A93,1,1,2.0,35,3,2,1,3,1,1,A201,1
233,2,18,3,4,,A61,3,4,A94,3,2,1.0,25,3,2,1,2,1,1,A201,1
234,4,4,5,4,,A61,4,2,A93,1,1,1.0,42,3,2,3,2,2,1,A201,1
235,1,24,3,4,,A61,1,4,A93,1,2,,30,2,2,1,4,2,1,A201,2
236,2,6,3,1,,A65,1,1,A93,1,2,,23,3,2,1,1,1,2,A201,2
237,2,21,3,10,,A62,5,4,A91,1,2,,61,1,1,2,2,1,1,A201,2
238,4,12,5,4,,A61,3,4,A92,1,2,,35,3,2,2,3,1,1,A201,1
239,1,30,3,4,,A61,5,1,A93,3,3,,39,3,2,1,3,2,1,A201,1
240,1,24,3,1,,A65,5,4,A92,1,2,,29,1,2,1,3,1,1,A201,2
241,4,6,3,4,,A61,4,3,A93,1,2,,51,3,2,1,3,2,1,A201,1
242,1,48,1,2,,A61,5,3,A93,1,4,2.0,24,3,3,2,3,2,1,A201,2
243,4,12,5,10,,A61,3,3,A92,1,2,1.0,27,3,2,2,3,1,1,A201,1
244,4,12,2,9,,A63,3,4,A92,1,3,1.0,35,3,2,1,2,2,1,A201,1
245,4,24,3,10,,A61,4,4,A93,1,1,1.0,25,3,2,1,3,1,2,A201,1
246,4,12,5,4,,A61,5,4,A93,1,4,1.0,52,3,2,3,3,1,1,A201,1
247,4,6,1,1,,A62,3,4,A93,1,1,2.0,35,1,1,1,3,1,1,A202,1
248,3,24,3,3,,A61,3,2,A93,1,2,1.0,26,3,2,1,3,1,1,A201,1
249,4,18,3,4,,A61,1,3,A92,2,4,1.0,22,3,1,1,3,1,1,A201,2
250,1,6,5,1,,A64,4,3,A92,1,4,1.0,39,3,2,2,2,1,2,A201,1
251,3,12,3,3,,A61,3,1,A92,1,2,,46,3,2,1,2,1,1,A201,1
252,2,30,3,1,,A61,3,4,A92,3,2,2.0,24,1,2,1,3,1,1,A201,2
253,4,24,4,3,,A62,3,2,A93,1,3,,35,3,2,2,3,1,1,A201,1
254,2,9,3,3,,A65,4,2,A93,1,1,,24,3,2,1,3,1,2,A201,1
255,2,60,4,4,,A65,3,1,A93,1,1,1.0,27,3,2,1,2,1,1,A201,1
256,4,24,5,4,,A61,3,4,A93,1,2,1.0,35,3,2,2,2,1,1,A201,1
257,1,12,2,4,,A61,3,4,A91,1,1,2.0,29,3,3,1,3,1,1,A201,2
258,4,15,3,2,,A62,2,1,A92,1,4,,23,3,2,1,3,1,2,A201,1
259,4,11,5,4,,A62,1,4,A92,1,4,1.0,57,3,2,3,2,1,1,A201,1
260,1,12,3,3,,A61,3,2,A93,1,2,1.0,27,3,2,1,3,1,1,A201,1
261,1,24,3,4,,A61,5,4,A92,1,4,,55,3,2,1,3,1,1,A201,1
262,1,18,5,1,,A61,5,2,A93,1,4,2.0,36,3,3,3,4,1,2,A201,1
263,4,12,5,7,,A61,5,2,A92,1,4,2.0,57,1,3,3,2,1,1,A201,1
264,4,10,5,1,,A61,5,3,A93,1,4,1.0,32,3,2,2,2,2,1,A202,1
265,2,15,3,4,,A61,5,4,A93,1,3,,37,3,2,1,3,2,1,A201,2
266,4,36,5,10,,A65,5,4,A93,1,4,1.0,36,3,2,2,3,1,1,A201,1
267,4,24,3,4,,A61,2,4,A92,1,3,,38,2,2,1,3,1,2,A201,1
268,1,14,3,1,,A61,5,1,A91,1,4,,45,3,2,1,4,1,2,A202,2
269,4,24,3,4,,A65,5,4,A93,1,2,,25,3,2,2,3,1,1,A201,1
270,4,18,3,1,,A65,4,4,A93,1,3,,32,3,2,1,3,1,1,A202,1
271,4,12,5,3,,A63,4,3,A92,1,4,,37,3,1,1,3,1,2,A201,1
272,2,48,2,1,,A65,1,4,A93,2,4,2.0,36,3,3,1,4,1,2,A201,1
273,2,48,3,4,,A61,4,4,A93,1,4,1.0,28,3,2,2,3,1,1,A201,2
274,1,30,3,6,,A61,2,1,A91,1,1,2.0,34,3,2,1,2,1,2,A201,2
275,4,9,3,4,,A61,3,1,A93,1,2,1.0,32,3,2,1,3,2,1,A201,1
276,4,18,5,4,,A61,3,2,A92,1,2,,26,3,2,2,3,1,1,A201,1
277,1,12,3,3,,A65,5,2,A91,1,4,,49,3,2,1,2,1,2,A201,1
278,4,6,3,3,,A61,2,1,A92,1,4,,32,3,2,1,3,1,1,A201,2
279,4,24,3,4,,A62,3,4,A93,1,4,,29,3,1,1,4,1,2,A201,1
280,4,15,5,2,,A64,5,3,A93,1,4,2.0,23,3,1,2,3,1,2,A201,1
281,4,12,3,3,,A61,3,4,A93,1,2,1.0,50,3,2,1,3,1,1,A201,1
282,3,18,2,4,,A65,4,4,A93,1,4,,49,1,2,1,2,1,1,A201,1
283,4,15,5,3,,A65,5,4,A93,1,4,,63,3,2,1,3,1,1,A201,1
284,2,24,5,1,,A62,2,4,A91,1,2,,37,3,2,1,3,1,2,A201,1
285,1,47,3,1,,A61,2,1,A92,1,1,1.0,35,3,2,1,2,1,2,A201,1
286,1,48,3,2,,A61,4,4,A93,1,3,,26,3,2,1,3,2,1,A201,1
287,2,48,4,11,,A62,1,2,A93,1,4,2.0,31,3,3,1,4,1,2,A201,1
288,2,12,3,4,,A61,3,4,A92,3,4,1.0,49,3,2,2,3,1,2,A201,1
289,1,24,4,4,,A61,2,4,A94,1,4,1.0,48,2,2,1,3,1,1,A201,2
290,4,12,3,10,,A61,3,2,A94,1,2,1.0,26,3,2,1,3,1,2,A202,1
291,2,36,3,2,,A61,2,1,A94,1,4,,28,3,1,1,4,1,2,A201,2
292,1,24,5,2,,A61,5,2,A92,1,4,2.0,44,3,3,2,4,2,2,A201,1
293,3,42,5,2,,A61,5,4,A93,1,4,2.0,56,3,3,1,3,1,1,A201,1
294,4,48,5,10,,A65,5,4,A91,1,2,,46,1,2,2,4,2,1,A201,1
295,2,48,3,3,,A61,2,1,A92,1,2,,26,3,2,1,3,1,2,A201,2
296,4,12,3,2,,A65,2,1,A92,1,4,,20,3,1,1,3,1,1,A201,1
297,4,10,3,1,,A65,5,4,A93,2,2,,45,3,2,1,2,1,1,A202,1
298,4,18,3,3,,A61,3,3,A93,1,4,1.0,43,3,2,1,3,1,2,A201,1
299,2,21,5,3,,A64,4,3,A93,1,2,,32,3,2,2,3,1,2,A201,1
300,4,6,3,1,,A61,1,1,A92,1,4,1.0,54,3,2,1,1,1,2,A201,1
301,2,36,1,4,,A61,3,4,A92,1,1,,42,3,2,1,3,1,2,A201,2
302,3,24,5,1,,A65,4,4,A93,1,2,1.0,37,1,2,2,2,2,1,A201,2
303,1,10,5,1,,A61,4,4,A93,2,3,,49,3,2,2,3,1,2,A201,1
304,4,48,5,1,,A63,3,2,A93,1,2,2.0,44,1,3,1,3,1,1,A201,2
305,4,6,3,3,,A64,3,4,A91,1,2,1.0,33,3,2,1,3,1,1,A201,1
306,4,30,3,2,,A65,4,2,A92,1,4,,24,2,1,1,2,1,1,A201,1
307,1,12,3,4,,A62,2,4,A94,1,3,2.0,33,3,2,1,2,1,2,A201,2
308,2,8,3,3,,A61,3,3,A92,1,4,1.0,24,3,2,1,3,1,1,A201,2
309,2,9,3,1,,A61,3,4,A94,1,4,1.0,22,3,1,1,2,1,1,A201,1
310,2,48,3,11,,A65,1,3,A93,1,4,2.0,40,1,3,1,1,1,2,A201,1
311,4,24,3,3,,A62,3,4,A93,1,1,,25,2,2,1,3,1,1,A201,1
312,3,24,3,3,,A61,2,2,A92,1,4,,26,3,2,1,3,1,1,A201,1
313,2,12,3,1,,A61,4,2,A94,1,3,,25,1,2,1,2,1,1,A201,2
314,3,4,3,1,,A65,2,1,A93,1,2,1.0,29,3,2,1,2,2,1,A202,1
315,1,36,2,3,,A61,5,4,A93,1,4,,31,1,2,1,3,1,1,A201,2
316,1,12,3,3,,A61,3,2,A93,3,3,,38,3,2,1,2,2,1,A201,1
317,2,24,3,3,,A65,3,1,A92,1,4,,48,3,2,1,2,1,2,A201,1
318,4,12,5,7,,A61,3,4,A93,1,2,,32,3,2,2,3,1,1,A201,1
319,1,15,4,3,,A61,5,1,A92,1,4,,27,3,2,2,2,1,1,A201,1
320,2,30,5,1,,A61,1,4,A94,1,2,,28,3,2,2,4,1,1,A201,2
321,1,24,3,4,,A61,2,4,A91,1,3,,32,3,2,1,3,1,1,A201,2
322,1,24,3,2,,A61,4,2,A93,1,1,2.0,34,3,3,1,4,1,2,A201,1
323,1,18,3,3,,A64,3,4,A93,1,2,,28,3,2,1,3,1,1,A201,1
324,4,18,5,1,,A61,3,4,A92,1,3,1.0,36,3,2,2,3,1,1,A201,1
325,1,8,5,1,,A61,4,1,A93,1,4,1.0,39,3,2,2,2,1,1,A202,1
326,4,12,5,3,,A65,5,2,A93,1,4,,49,3,1,1,3,1,2,A201,1
327,4,24,3,1,,A64,4,4,A92,1,3,,34,3,2,1,3,2,2,A201,1
328,3,36,3,4,,A61,5,4,A93,1,2,,31,3,2,1,3,1,1,A201,1
329,2,6,3,4,,A61,5,4,A93,1,4,,28,3,2,1,3,2,1,A201,1
330,1,24,5,2,,A61,1,2,A93,1,4,2.0,75,3,3,2,4,1,2,A201,1
331,4,18,5,7,,A62,3,4,A92,1,2,1.0,30,3,2,2,3,1,1,A201,2
332,2,60,3,1,,A62,2,4,A92,1,2,,24,3,2,1,4,1,1,A201,2
333,4,48,5,2,,A62,3,2,A92,1,4,,24,1,1,2,2,1,1,A201,2
334,1,24,1,3,,A61,5,3,A93,1,4,2.0,23,1,1,2,3,2,1,A201,2
335,1,6,5,3,,A61,3,1,A91,1,4,1.0,44,3,1,1,4,1,2,A201,2
336,2,13,3,4,,A61,2,2,A92,3,4,,23,3,2,1,2,1,1,A201,1
337,1,15,3,5,,A65,3,4,A92,1,2,,24,3,1,1,3,1,1,A201,2
338,1,24,3,3,,A61,3,4,A93,1,4,,28,3,2,1,3,1,1,A201,1
339,2,10,3,3,,A61,3,4,A91,1,2,,31,3,2,1,2,1,1,A201,1
340,2,24,5,7,,A61,2,2,A92,1,4,2.0,24,3,3,2,3,1,2,A201,1
341,1,21,3,3,,A61,4,1,A92,1,4,,26,3,1,1,2,1,1,A201,1
342,2,18,3,4,,A63,2,1,A94,1,3,1.0,25,3,1,1,3,1,1,A201,1
343,2,18,3,10,,A61,5,1,A93,2,1,1.0,33,1,2,1,4,1,2,A201,1
344,3,10,3,1,,A61,2,1,A93,3,1,,37,3,2,1,2,2,1,A201,1
345,4,15,5,4,,A61,3,4,A92,1,2,,43,3,2,1,2,1,1,A201,1
346,2,13,5,4,,A61,2,4,A93,3,4,1.0,23,3,2,2,3,1,1,A201,1
347,2,24,3,4,,A63,1,1,A92,1,4,2.0,23,3,1,1,1,1,1,A201,1
348,4,6,4,10,,A62,3,1,A93,1,2,1.0,34,3,2,2,2,1,1,A201,1
349,2,9,5,7,,A64,5,4,A93,1,3,2.0,32,3,3,2,3,2,1,A201,2
350,4,9,3,5,,A61,2,1,A92,1,4,1.0,23,3,1,1,3,1,2,A201,1
351,2,9,3,3,,A61,3,1,A92,1,2,,29,3,2,1,3,1,1,A202,2
352,4,18,5,2,,A65,1,2,A93,1,4,2.0,38,3,2,1,4,1,2,A201,1
353,1,12,1,4,,A61,3,4,A93,1,2,,28,3,1,2,3,1,2,A201,2
354,4,10,3,7,,A63,5,4,A93,1,4,2.0,46,3,3,1,3,1,2,A201,1
355,2,24,3,1,,A61,2,4,A93,1,2,1.0,23,2,2,1,2,1,1,A201,2
356,4,12,5,4,,A65,5,1,A93,2,4,1.0,49,3,2,1,3,1,2,A201,1
357,4,36,4,4,,A61,3,4,A93,1,2,,26,3,2,2,4,1,2,A201,2
358,4,12,3,4,,A61,3,4,A94,1,2,1.0,28,3,2,1,3,1,1,A201,1
359,1,30,3,3,,A61,4,4,A92,1,4,1.0,23,3,1,1,3,1,1,A201,2
360,2,18,3,7,,A65,3,4,A93,1,4,2.0,61,3,3,1,3,1,1,A201,1
361,3,12,3,4,,A65,5,2,A93,1,3,,37,3,2,1,4,1,1,A201,1
362,3,12,4,1,,A61,3,2,A92,1,2,,36,2,2,2,3,1,2,A201,1
363,4,6,3,3,,A61,3,1,A94,1,2,,21,3,1,1,3,1,1,A201,1
364,1,18,3,3,,A61,1,4,A93,1,1,,25,3,2,1,1,1,1,A201,2
365,4,12,3,10,,A61,4,2,A93,1,4,,36,3,2,1,3,1,2,A201,1
366,4,18,5,2,,A61,4,3,A93,1,1,,27,3,2,2,3,1,1,A201,1
367,1,18,3,3,,A61,2,1,A92,1,4,,22,3,1,1,3,1,1,A201,1
368,1,36,3,3,,A61,5,4,A93,1,2,,42,3,2,1,3,2,1,A201,2
369,2,18,3,3,,A61,4,2,A92,1,4,1.0,40,3,1,1,3,1,1,A201,1
370,4,36,3,1,,A65,3,4,A93,1,4,1.0,36,3,2,1,3,1,1,A201,1
371,4,18,5,4,,A61,5,3,A93,1,4,,33,3,2,2,3,1,2,A201,1
372,4,10,5,3,,A61,2,1,A92,1,3,1.0,23,3,1,2,3,1,1,A201,1
373,4,60,5,1,,A65,5,2,A93,1,4,2.0,63,1,3,1,4,1,2,A201,1
374,2,60,2,11,,A62,5,3,A92,1,4,2.0,60,1,3,2,4,1,2,A201,2
375,1,48,2,10,,A61,4,2,A92,3,4,,37,3,1,1,3,1,1,A201,2
376,4,18,4,4,,A61,1,2,A94,1,3,1.0,34,3,2,2,3,1,1,A201,1
377,4,7,4,4,,A65,5,3,A93,1,4,2.0,36,3,3,1,3,1,1,A201,1
378,2,36,3,1,,A61,5,4,A93,1,2,2.0,57,3,3,1,4,1,2,A201,2
379,4,6,5,1,,A62,3,4,A92,1,4,,52,3,2,2,2,1,1,A201,1
380,1,20,3,3,,A65,4,4,A93,1,4,,39,3,2,1,3,1,2,A201,1
381,2,18,3,2,,A61,1,3,A92,1,4,2.0,38,3,3,1,4,1,2,A201,2
382,4,22,3,1,,A65,4,4,A92,1,4,,25,3,1,1,3,1,1,A201,1
383,3,12,3,1,,A61,2,4,A93,1,1,1.0,26,3,2,1,3,1,1,A201,1
384,4,30,4,10,,A62,3,2,A93,1,2,,26,3,2,2,2,1,1,A201,1
385,4,18,5,4,,A61,3,2,A92,1,1,,25,3,2,2,3,1,1,A201,1
386,4,18,3,4,,A65,2,4,A92,1,2,1.0,21,3,1,1,3,1,2,A201,1
387,2,18,5,3,,A61,1,4,A93,1,4,,40,2,2,2,4,1,2,A201,1
388,2,15,5,10,,A63,3,2,A93,1,4,,27,1,2,1,3,1,1,A201,1
389,4,9,3,10,,A61,4,3,A92,1,2,,27,3,2,2,3,1,1,A201,1
390,4,18,3,1,,A61,3,2,A94,1,2,,30,3,2,1,4,1,2,A201,1
391,2,12,3,3,,A64,2,1,A92,1,4,1.0,19,3,1,1,2,1,1,A201,1
392,1,36,3,1,,A61,4,2,A93,1,4,2.0,39,1,3,1,4,2,2,A201,1
393,1,6,5,4,,A61,4,1,A92,1,4,,31,3,2,1,3,1,1,A201,1
394,4,9,5,3,,A61,1,2,A93,1,3,,31,3,2,1,4,1,1,A201,1
395,2,39,4,7,,A62,4,2,A93,1,3,2.0,32,3,1,1,3,1,2,A201,1
396,1,12,3,3,,A61,1,3,A92,1,4,2.0,55,3,3,1,4,1,1,A201,1
397,1,36,5,3,,A61,3,3,A94,1,2,,46,3,2,2,3,1,2,A201,1
398,2,12,3,1,,A61,5,1,A91,1,1,1.0,46,3,1,2,3,1,1,A201,2
399,4,24,5,4,,A64,3,4,A92,1,1,1.0,43,3,2,2,2,1,1,A201,1
400,4,18,3,4,,A61,2,3,A94,1,4,1.0,39,3,2,1,3,1,2,A201,1
401,2,18,5,10,,A65,3,4,A94,1,4,1.0,28,1,2,2,3,1,1,A201,1
402,4,24,4,10,,A61,2,2,A93,1,2,,27,1,2,2,3,1,2,A201,2
403,4,14,4,1,,A61,3,4,A93,1,2,,27,3,2,2,2,1,1,A201,1
404,2,18,4,1,,A65,5,4,A93,1,4,,43,3,2,1,3,2,1,A201,1
405,2,24,3,4,,A61,2,1,A94,1,1,,22,3,2,1,3,1,2,A201,2
406,4,24,5,2,,A65,4,4,A93,1,4,,43,3,2,2,3,2,2,A201,1
407,1,15,3,4,,A61,2,4,A94,1,2,1.0,27,3,2,1,3,1,1,A202,1
408,4,24,3,4,,A63,5,3,A91,1,2,,26,3,2,1,4,1,2,A201,1
409,3,12,5,1,,A63,4,4,A94,1,2,1.0,28,3,2,3,3,1,2,A201,2
410,2,24,3,4,,A61,5,4,A92,1,4,,20,3,2,1,3,1,2,A201,1
411,4,33,5,2,,A61,4,3,A93,1,2,,35,3,2,2,4,1,2,A201,1
412,4,12,5,10,,A61,1,4,A93,1,2,,42,2,2,2,4,1,2,A201,2
413,4,10,3,1,,A63,3,3,A93,1,2,2.0,40,3,1,1,2,2,1,A202,1
414,1,24,3,1,,A65,3,4,A92,1,2,,35,3,2,1,3,1,1,A201,2
415,4,36,5,2,,A61,5,2,A93,1,2,,35,3,2,2,3,2,2,A201,1
416,1,12,3,1,,A61,2,4,A93,1,1,1.0,33,3,2,1,2,2,1,A201,2
417,1,18,4,7,,A65,3,1,A92,1,2,,23,3,1,2,3,1,2,A201,1
418,4,21,3,1,,A63,4,1,A92,1,2,,31,1,2,1,4,1,1,A201,1
419,2,18,3,1,,A65,3,4,A92,1,2,,33,3,2,1,3,1,1,A201,2
420,4,15,3,1,,A64,4,2,A92,1,3,,20,3,1,1,3,1,1,A201,1
421,2,12,3,2,,A65,3,4,A93,1,2,,30,3,2,1,3,1,1,A201,1
422,2,12,5,1,,A61,4,2,A93,1,3,1.0,47,3,2,2,2,2,1,A201,1
423,4,21,4,3,,A62,4,4,A93,1,3,1.0,34,3,2,2,4,1,1,A201,1
424,2,12,3,3,,A65,5,1,A92,1,2,,25,1,2,1,3,1,2,A201,2
425,2,18,3,2,,A61,3,1,A94,1,3,,21,3,1,1,3,1,2,A201,1
426,4,28,5,4,,A61,5,4,A93,1,2,,29,3,2,2,3,1,1,A201,1
427,4,18,5,4,,A64,3,4,A93,1,3,1.0,46,3,2,2,3,1,1,A201,1
428,4,9,3,3,,A61,5,1,A93,1,4,,20,3,2,1,3,1,1,A201,1
429,1,18,5,6,,A61,1,2,A92,1,4,2.0,55,3,3,3,1,2,1,A201,2
430,4,5,3,10,,A61,4,1,A93,1,4,1.0,74,3,2,1,2,1,1,A201,1
431,2,24,3,11,,A61,3,2,A93,2,3,,29,1,2,2,4,1,2,A201,2
432,1,6,5,3,,A61,1,4,A93,1,4,2.0,36,3,3,3,4,1,2,A201,1
433,4,24,5,6,,A61,3,4,A91,1,2,1.0,33,3,2,2,3,1,2,A201,1
434,1,9,3,3,,A61,3,3,A93,1,2,1.0,25,3,2,1,3,1,1,A201,1
435,2,12,3,4,,A65,3,2,A94,1,1,1.0,25,3,2,1,3,1,2,A201,2
436,4,6,3,6,,A63,4,2,A94,1,4,1.0,23,3,1,1,2,1,1,A201,1
437,4,24,5,1,,A64,5,4,A92,1,4,1.0,37,3,2,2,3,1,2,A201,1
438,1,42,5,6,,A61,1,4,A93,2,4,,65,3,2,2,1,1,1,A201,1
439,3,12,2,10,,A61,2,4,A92,1,1,1.0,26,3,2,1,1,1,1,A201,2
440,4,12,3,1,,A61,5,4,A93,1,4,,39,3,2,1,4,1,2,A201,1
441,1,12,3,3,,A61,3,2,A92,2,3,,30,3,2,1,3,1,1,A201,1
442,2,20,4,11,,A61,3,2,A93,1,3,,29,1,2,2,3,1,2,A201,1
443,4,12,3,7,,A61,5,4,A93,1,4,,41,1,2,1,2,2,1,A201,2
444,2,48,5,3,,A61,3,2,A92,1,3,,30,3,2,1,4,1,2,A201,2
445,4,9,5,7,,A65,5,4,A92,1,4,,41,3,1,2,2,1,1,A201,1
446,1,36,3,1,,A61,2,4,A92,1,4,,34,3,2,1,3,1,2,A201,2
447,2,7,3,4,,A61,3,2,A93,3,2,1.0,35,3,2,1,3,1,1,A201,1
448,3,12,3,3,,A65,5,3,A92,1,4,1.0,55,3,2,1,4,1,2,A201,1
449,2,15,4,6,,A64,3,3,A94,1,3,,61,2,2,2,3,1,1,A201,2
450,4,36,5,2,,A65,3,4,A93,1,2,,30,3,2,1,4,1,2,A201,1
451,4,6,3,4,,A61,3,3,A92,1,1,1.0,29,3,2,1,3,1,1,A201,1
452,4,12,1,3,,A61,5,2,A93,1,4,,34,3,2,2,3,1,1,A201,1
453,4,24,3,2,,A61,5,4,A93,1,4,,35,3,2,1,4,1,2,A201,1
454,1,24,3,1,,A61,4,2,A93,2,3,,31,3,2,1,3,1,2,A201,2
455,4,24,3,2,,A61,2,4,A92,1,1,2.0,29,3,2,1,4,1,2,A201,1
456,1,11,5,1,,A61,3,2,A93,1,2,1.0,36,3,1,2,3,2,1,A201,1
457,1,12,3,2,,A61,5,3,A93,1,4,2.0,35,3,3,1,3,1,2,A201,2
458,1,6,3,5,,A61,2,4,A92,1,1,1.0,27,3,2,1,3,1,1,A201,1
459,4,18,3,4,,A61,2,3,A93,1,2,,32,3,2,1,3,1,2,A201,1
460,1,36,3,3,,A61,3,1,A93,3,2,,37,3,2,1,3,2,1,A201,1
461,1,15,3,1,,A61,2,2,A93,1,3,1.0,36,3,2,1,3,1,1,A201,1
462,2,12,3,3,,A61,2,3,A92,1,1,1.0,34,3,1,1,4,1,1,A201,1
463,2,12,3,9,,A65,5,4,A93,1,4,,38,3,2,2,3,1,1,A201,1
464,4,18,3,10,,A61,4,4,A93,1,1,,34,2,2,2,3,1,2,A201,1
465,1,24,3,2,,A61,3,3,A93,3,4,2.0,63,1,2,1,3,2,2,A201,1
466,1,24,4,4,,A61,2,4,A92,1,2,,29,3,1,1,2,1,2,A201,2
467,4,48,4,4,,A65,5,3,A93,1,3,,32,1,2,2,3,2,1,A201,1
468,4,33,4,10,,A61,3,2,A92,1,2,,26,3,2,2,3,1,2,A201,1
469,4,24,4,2,,A61,4,3,A93,1,3,,35,3,2,2,2,1,2,A201,1
470,2,24,3,4,,A62,2,3,A94,1,2,,22,3,1,1,3,1,2,A201,2
471,1,6,3,7,,A61,2,4,A92,1,4,,23,3,2,1,3,1,1,A201,2
472,1,9,3,1,,A61,3,4,A93,1,3,,28,3,2,1,2,1,1,A201,2
473,4,6,3,9,,A65,1,4,A93,1,4,,36,3,2,1,4,2,2,A201,1
474,2,18,5,4,,A61,3,4,A94,1,2,,33,3,2,1,3,1,1,A201,2
475,1,18,1,3,,A61,2,1,A92,1,4,,26,3,1,1,3,1,1,A201,2
476,4,39,3,2,,A63,3,4,A93,1,4,,24,3,2,1,3,1,1,A201,1
477,3,24,3,4,,A61,4,4,A93,1,2,,25,1,2,1,3,1,1,A201,1
478,2,12,3,10,,A62,4,3,A93,1,4,1.0,39,3,2,1,2,1,1,A201,1
479,1,15,5,3,,A61,5,4,A93,1,4,,44,3,2,2,3,2,2,A201,1
480,2,12,5,4,,A61,3,1,A92,1,1,1.0,23,3,2,1,2,1,1,A201,1
481,2,24,3,1,,A61,2,4,A93,1,1,,26,3,2,1,3,1,1,A201,1
482,1,30,3,3,,A64,5,4,A92,1,4,,57,3,1,2,3,1,2,A201,1
483,4,15,4,3,,A64,4,3,A92,1,2,,30,3,2,2,3,1,1,A201,1
484,4,12,5,1,,A63,3,4,A93,1,4,1.0,44,3,2,1,3,1,2,A201,1
485,2,6,4,1,,A61,1,4,A93,1,4,,47,3,2,1,4,1,2,A201,2
486,4,12,3,4,,A61,3,2,A93,1,4,,52,3,2,1,3,1,2,A201,1
487,4,24,3,1,,A61,5,4,A92,2,4,2.0,62,3,3,1,3,1,2,A201,1
488,4,10,3,1,,A62,3,3,A93,1,2,1.0,35,3,1,1,2,1,1,A202,1
489,4,6,3,1,,A61,3,2,A93,3,3,,26,3,1,1,3,1,1,A201,1
490,4,12,5,4,,A61,5,2,A93,1,2,2.0,26,3,2,2,3,1,1,A201,1
491,2,27,1,10,,A61,5,2,A92,1,4,2.0,42,3,3,2,4,1,2,A201,2
492,4,6,5,4,,A62,3,1,A92,1,1,,27,3,2,2,3,1,1,A201,1
493,2,6,3,4,,A65,5,4,A93,1,4,,38,3,2,1,3,1,1,A201,1
494,1,12,5,1,,A61,3,3,A93,1,2,1.0,39,3,1,2,2,2,1,A202,1
495,1,24,3,3,,A65,3,2,A94,1,4,,20,3,2,1,3,1,1,A201,2
496,2,36,3,3,,A62,2,4,A93,2,1,2.0,29,3,1,1,4,1,2,A201,2
497,4,24,5,3,,A61,4,4,A93,1,3,,40,3,2,2,3,1,1,A201,1
498,2,18,3,4,,A61,5,4,A94,3,2,1.0,32,3,2,1,2,1,1,A201,1
499,3,6,5,1,,A62,5,2,A91,1,4,,28,3,2,2,3,2,2,A201,1
500,1,24,3,1,,A61,2,4,A92,1,1,,27,3,2,1,3,1,1,A201,2
501,1,36,3,2,,A61,5,2,A93,1,4,2.0,42,3,3,1,3,2,1,A201,1
502,3,9,3,4,,A62,5,2,A91,1,4,1.0,49,3,2,1,3,1,1,A201,1
503,2,24,5,4,,A62,2,4,A93,1,4,2.0,38,1,2,2,3,2,1,A201,2
504,1,24,3,1,,A61,2,4,A92,1,4,,24,3,1,1,3,1,1,A201,2
505,4,10,3,1,,A65,3,4,A93,3,4,,27,3,2,1,2,1,1,A201,2
506,3,15,5,2,,A63,3,2,A93,1,2,,36,3,2,1,3,1,2,A201,1
507,2,15,2,1,,A62,1,1,A93,1,2,,34,3,2,1,4,2,2,A201,2
508,4,24,3,4,,A61,3,4,A94,1,2,,28,3,2,1,3,1,1,A201,1
509,4,39,3,2,,A62,5,4,A93,1,2,,45,3,2,1,4,1,2,A201,1
510,1,12,3,1,,A61,4,4,A93,1,2,1.0,26,3,2,1,3,1,1,A201,2
511,4,36,3,2,,A61,3,2,A93,1,2,2.0,32,3,3,1,4,1,2,A201,1
512,3,15,3,10,,A61,4,2,A93,1,4,,26,3,1,1,3,1,2,A201,1
513,2,12,4,4,,A61,3,4,A94,2,4,1.0,20,3,1,2,3,1,1,A201,1
514,4,24,3,1,,A65,2,4,A93,1,1,,54,3,2,1,3,1,1,A201,1
515,1,6,5,1,,A61,4,4,A92,1,3,,37,3,2,2,3,1,1,A202,1
516,1,6,5,1,,A61,2,2,A93,1,4,1.0,40,3,2,1,2,2,1,A202,1
517,4,36,5,3,,A61,2,2,A92,1,4,,23,3,1,2,3,1,2,A201,2
518,1,6,3,1,,A62,5,3,A93,1,2,,43,3,2,1,3,1,2,A201,1
519,4,6,5,4,,A65,5,4,A93,1,4,2.0,36,3,3,2,3,1,1,A201,1
520,4,24,5,6,,A61,5,3,A93,1,4,2.0,44,3,3,2,3,1,1,A201,1
521,1,18,3,4,,A61,3,2,A92,1,2,1.0,24,3,2,1,3,1,1,A201,2
522,1,48,1,3,,A61,3,3,A93,1,4,2.0,53,3,3,2,3,2,1,A201,2
523,4,24,3,2,,A62,4,3,A92,1,4,,23,3,2,1,3,1,1,A201,1
524,2,18,3,4,,A61,3,4,A92,3,4,1.0,26,3,2,1,2,2,1,A201,1
525,2,26,3,2,,A61,2,2,A93,1,3,,30,3,2,2,3,1,1,A201,1
526,4,15,5,7,,A62,3,4,A92,1,3,,31,3,2,1,3,1,1,A201,1
527,4,4,5,4,,A61,4,2,A93,1,1,1.0,42,3,2,2,2,2,1,A201,1
528,1,36,3,4,,A61,3,4,A91,1,4,,31,3,1,1,3,1,1,A201,2
529,1,6,3,1,,A61,2,3,A93,1,4,1.0,41,3,2,1,2,2,2,A201,1
530,2,36,3,7,,A61,4,3,A93,1,1,,32,3,2,2,3,2,1,A201,1
531,2,15,3,1,,A62,3,2,A92,1,4,,28,3,1,2,3,1,2,A201,2
532,4,12,4,2,,A61,3,4,A94,1,4,1.0,41,3,1,1,3,1,1,A201,1
533,4,24,3,4,,A62,4,4,A94,1,3,,26,3,2,1,3,1,2,A201,1
534,4,24,3,4,,A65,2,4,A93,1,2,,25,3,2,2,3,1,1,A201,1
535,3,21,5,7,,A61,2,2,A91,1,1,,33,3,1,1,3,1,1,A201,2
536,1,6,3,1,,A65,1,4,A92,1,3,,75,3,2,1,4,1,2,A201,1
537,2,18,5,3,,A61,5,3,A92,1,4,,37,3,2,1,3,1,2,A201,1
538,1,48,3,1,,A61,5,4,A93,1,4,2.0,42,1,3,1,4,1,1,A201,2
539,3,18,3,3,,A61,2,1,A92,1,1,,45,2,2,1,2,1,1,A201,1
540,2,12,3,4,,A61,2,1,A94,1,1,1.0,23,3,1,1,3,1,1,A201,2
541,4,24,4,1,,A61,5,4,A93,1,4,2.0,60,3,3,2,3,1,2,A201,1
542,1,30,3,3,,A65,5,4,A93,1,4,,31,3,2,1,3,1,1,A201,2
543,3,18,3,3,,A61,3,2,A93,1,1,1.0,34,3,2,1,2,2,1,A201,2
544,4,12,5,1,,A61,5,4,A93,1,4,1.0,61,3,2,2,2,1,1,A201,1
545,1,24,4,1,,A61,1,4,A93,1,2,1.0,43,3,3,2,3,2,1,A201,2
546,4,24,5,1,,A61,3,4,A92,1,4,,37,3,2,1,3,1,2,A201,1
547,4,24,3,4,,A61,4,3,A93,1,1,,32,1,2,1,3,2,1,A201,1
548,1,12,2,4,,A61,3,4,A92,1,4,1.0,24,1,2,1,2,1,1,A201,2
549,4,48,5,2,,A65,4,2,A93,1,1,2.0,35,3,3,2,3,1,2,A201,1
550,4,12,5,6,,A65,4,4,A92,1,4,1.0,23,3,2,2,3,1,1,A201,1
551,4,6,2,4,,A63,5,2,A93,1,4,,45,1,2,1,2,2,1,A201,1
552,1,48,3,4,,A61,4,1,A94,3,1,1.0,34,3,2,2,3,1,2,A201,2
553,2,12,5,1,,A62,2,4,A93,1,1,,27,3,2,1,3,1,1,A201,1
554,2,9,3,7,,A61,4,4,A92,1,4,,67,3,2,2,4,1,2,A201,1
555,2,12,3,4,,A61,2,2,A93,1,1,,22,2,2,1,3,1,1,A201,2
556,2,18,1,1,,A62,2,3,A92,1,3,,28,3,2,2,3,1,1,A201,2
557,4,21,1,1,,A65,3,1,A92,1,4,,29,1,2,2,3,1,2,A201,2
558,1,24,2,3,,A61,4,3,A93,1,4,,27,1,2,1,3,1,1,A201,2
559,2,18,5,3,,A61,2,2,A93,1,2,1.0,31,3,2,2,2,1,1,A201,2
560,1,24,3,2,,A65,5,4,A93,1,4,2.0,49,1,3,1,3,2,2,A201,1
561,1,24,2,4,,A61,4,4,A93,3,4,,24,1,1,1,2,1,1,A201,2
562,3,6,4,4,,A61,2,2,A92,1,1,,29,1,2,1,3,1,1,A201,1
563,2,36,3,1,,A65,3,1,A93,1,4,2.0,37,3,3,1,3,1,2,A201,2
564,2,24,4,10,,A65,3,4,A93,1,2,,37,1,2,2,4,1,2,A201,1
565,2,24,4,4,,A62,4,3,A92,1,2,,23,3,1,2,3,1,2,A201,1
566,1,12,3,1,,A61,4,2,A91,1,3,,36,3,2,1,3,1,1,A201,2
567,4,24,5,4,,A64,5,2,A93,1,2,,34,3,2,1,3,1,1,A201,1
568,2,48,3,4,,A65,4,4,A93,1,1,,41,3,2,2,3,2,2,A201,1
569,1,48,3,4,,A61,3,3,A92,1,2,,31,3,2,1,3,1,2,A201,2
570,1,24,3,3,,A61,2,4,A92,1,4,1.0,23,3,1,1,2,1,2,A201,2
571,4,30,5,4,,A61,4,3,A93,2,2,,38,3,2,1,3,1,1,A201,1
572,4,24,3,2,,A65,1,2,A92,1,4,,26,3,1,1,4,1,2,A201,1
573,1,15,3,10,,A61,3,4,A92,1,4,,22,3,2,1,2,1,1,A201,1
574,2,9,3,4,,A61,5,4,A93,1,4,,27,3,2,2,2,1,1,A201,1
575,4,15,5,3,,A61,4,2,A92,2,3,,24,1,2,2,3,1,1,A201,1
576,2,12,3,4,,A61,4,2,A92,1,1,1.0,27,3,2,1,3,1,1,A201,1
577,4,24,5,7,,A65,3,3,A92,1,2,,33,3,2,2,3,1,2,A201,1
578,2,36,5,1,,A61,2,4,A91,1,4,,27,3,2,2,3,1,1,A201,2
579,4,24,3,9,,A61,2,4,A94,1,3,,27,3,2,2,2,1,1,A201,1
580,2,18,5,1,,A61,5,3,A93,3,3,1.0,30,1,2,2,3,1,1,A201,2
581,2,12,5,1,,A61,2,1,A93,1,3,1.0,49,1,2,2,2,2,1,A201,1
582,4,9,3,3,,A61,3,4,A92,1,2,1.0,26,3,1,1,3,1,1,A201,1
583,2,36,3,6,,A61,2,4,A93,1,1,2.0,33,3,1,1,2,1,1,A201,2
584,4,12,3,1,,A65,5,4,A92,1,4,2.0,52,3,3,1,4,1,2,A201,1
585,1,18,3,3,,A61,3,1,A92,1,4,1.0,20,1,1,1,3,1,1,A201,2
586,1,9,5,1,,A61,3,2,A93,1,2,1.0,36,3,1,2,3,2,1,A201,1
587,1,12,3,3,,A61,3,4,A93,3,1,,21,3,2,1,2,1,1,A201,1
588,1,18,3,5,,A61,3,4,A94,1,3,1.0,47,3,2,1,2,1,2,A201,2
589,1,12,5,3,,A61,5,3,A93,1,3,,60,3,2,2,3,1,1,A201,2
590,1,12,5,4,,A61,4,4,A92,1,3,1.0,58,3,2,4,2,1,2,A201,1
591,2,24,4,1,,A65,3,4,A92,1,4,,42,3,1,2,3,1,2,A201,1
592,4,21,3,10,,A64,5,4,A92,1,4,1.0,36,1,2,1,2,1,1,A201,1
593,2,24,3,1,,A61,3,3,A92,1,4,,20,3,1,1,2,1,2,A201,2
594,1,24,2,11,,A65,5,4,A93,1,3,,40,2,2,1,4,1,2,A201,2
595,2,6,2,1,,A62,2,1,A92,1,1,,32,2,2,1,2,1,1,A201,2
596,1,24,3,1,,A61,4,4,A92,1,4,,23,3,1,2,3,1,1,A201,2
597,2,24,1,10,,A61,3,1,A93,1,4,1.0,36,3,2,3,2,1,2,A201,2
598,4,18,5,1,,A61,4,2,A93,1,2,,31,1,2,2,3,1,1,A201,2
599,4,24,4,10,,A61,3,1,A93,1,2,2.0,32,3,3,1,3,1,1,A201,1
600,2,7,3,4,,A61,2,1,A92,3,1,1.0,45,3,2,1,3,1,1,A201,1
601,2,9,3,3,,A61,3,4,A92,1,1,,30,3,2,1,3,1,1,A201,2
602,2,24,2,7,,A61,4,4,A92,1,4,2.0,34,1,3,1,2,1,1,A201,2
603,4,36,3,3,,A61,3,4,A92,1,2,,28,3,2,1,4,1,2,A201,2
604,3,10,3,3,,A61,2,4,A92,1,2,,23,3,2,1,3,1,1,A201,1
605,1,24,2,3,,A63,3,4,A93,1,4,1.0,22,2,2,1,3,1,2,A201,1
606,4,24,5,10,,A61,3,3,A93,1,2,1.0,74,3,2,1,4,1,2,A201,1
607,2,36,3,4,,A62,3,4,A92,2,4,2.0,50,3,3,1,3,1,1,A201,2
608,4,18,3,4,,A61,2,4,A93,1,1,1.0,33,3,2,1,3,1,1,A201,1
609,4,15,3,2,,A65,5,4,A93,1,4,2.0,45,1,3,1,3,2,1,A201,1
610,1,12,3,5,,A62,1,4,A92,1,3,,22,3,2,1,3,1,1,A201,2
611,3,10,3,1,,A62,5,1,A92,1,4,2.0,48,3,3,1,2,2,1,A201,2
612,1,21,3,4,,A64,2,4,A92,1,2,,29,1,2,1,3,1,1,A201,1
613,1,24,2,2,,A61,3,1,A92,3,4,,22,1,1,1,3,1,1,A202,1
614,4,18,4,3,,A61,4,4,A92,1,1,1.0,22,3,2,1,3,1,1,A201,2
615,2,48,1,10,,A65,3,2,A93,1,2,,48,1,2,1,4,1,2,A201,1
616,2,60,4,4,,A65,3,2,A93,1,2,2.0,27,3,3,1,4,1,1,A201,1
617,1,6,5,1,,A61,3,1,A93,1,3,1.0,37,3,1,3,3,2,1,A201,1
618,2,30,3,3,,A62,3,2,A92,2,4,,21,3,1,1,3,1,1,A201,2
619,4,12,3,1,,A61,3,4,A91,1,2,1.0,49,3,2,1,2,1,1,A201,1
620,2,21,5,10,,A61,4,2,A93,1,3,,27,3,2,2,3,1,1,A201,1
621,4,18,5,1,,A61,3,3,A93,1,2,,32,1,2,2,3,1,1,A201,2
622,4,48,3,10,,A65,3,4,A91,1,2,1.0,38,1,2,1,3,1,1,A201,2
623,1,12,3,3,,A61,2,4,A92,1,1,,22,3,1,1,3,1,1,A201,1
624,1,18,3,4,,A61,3,4,A93,1,4,2.0,65,3,3,2,3,1,1,A201,2
625,4,15,3,4,,A65,5,4,A93,1,2,,35,3,2,1,3,1,1,A201,1
626,3,6,3,3,,A61,3,2,A93,1,2,1.0,41,3,2,1,3,1,2,A201,1
627,2,9,2,1,,A62,4,2,A93,1,3,2.0,29,3,2,1,3,1,1,A201,2
628,4,42,5,3,,A63,3,4,A93,1,4,1.0,36,3,2,2,3,1,2,A201,1
629,4,9,3,7,,A65,5,1,A93,1,4,1.0,64,3,2,1,2,1,1,A201,1
630,1,24,3,4,,A61,3,2,A92,1,4,,28,3,2,1,3,1,1,A201,1
631,1,18,2,3,,A61,3,4,A93,1,3,,44,1,2,1,3,1,1,A201,2
632,2,15,3,4,,A65,2,4,A93,1,1,,23,3,2,1,3,1,1,A201,1
633,4,9,3,3,,A61,2,2,A92,2,2,,19,3,1,2,3,1,1,A201,2
634,2,24,3,1,,A61,2,3,A92,1,4,,25,3,2,1,2,1,2,A201,2
635,4,12,3,7,,A61,5,4,A93,1,4,,47,1,2,3,3,2,2,A201,1
636,4,24,3,4,,A63,4,4,A92,1,1,,28,3,2,1,3,1,1,A201,1
637,4,60,4,4,,A61,4,2,A93,1,4,,21,3,2,2,3,1,2,A201,1
638,4,12,3,4,,A61,2,4,A92,1,3,,34,3,2,1,3,2,1,A201,1
639,1,42,4,4,,A61,4,3,A93,1,2,,26,1,2,2,3,2,2,A201,2
640,1,18,3,7,,A61,1,4,A92,1,1,1.0,27,3,2,1,1,1,1,A201,2
641,2,15,3,6,,A61,5,4,A93,1,4,,38,3,2,2,2,1,1,A201,1
642,4,15,3,7,,A62,3,3,A93,1,2,,40,3,2,1,4,1,2,A201,2
643,4,24,5,4,,A61,4,4,A94,3,2,,33,3,2,2,3,1,2,A201,1
644,1,18,5,4,,A61,4,4,A94,1,1,,32,3,2,2,4,1,2,A201,1
645,4,36,4,10,,A65,2,4,A93,1,4,,27,3,1,2,3,1,2,A201,2
646,1,30,1,3,,A61,3,2,A91,3,2,1.0,32,3,2,2,3,1,1,A201,1
647,4,12,3,1,,A63,3,2,A92,1,2,,26,3,2,1,3,1,1,A201,2
648,3,24,3,1,,A61,4,4,A93,1,3,2.0,38,1,3,1,3,2,1,A201,2
649,1,12,3,7,,A61,3,4,A93,1,4,,40,3,1,1,2,2,1,A201,2
650,1,48,3,7,,A61,4,4,A93,1,1,2.0,50,3,3,1,4,1,2,A201,1
651,2,12,3,3,,A61,3,4,A93,1,2,,37,3,2,1,2,1,1,A201,2
652,1,24,3,1,,A61,5,4,A93,2,1,1.0,45,3,2,1,3,1,1,A201,2
653,2,36,4,1,,A62,5,2,A93,1,4,,42,3,2,4,4,1,2,A201,2
654,4,24,5,2,,A61,4,4,A93,1,3,,35,3,2,2,3,1,2,A201,1
655,1,14,3,1,,A61,1,1,A93,1,4,2.0,22,3,3,1,3,1,1,A201,1
656,2,12,3,1,,A61,5,4,A93,1,4,,41,1,2,1,2,2,1,A201,2
657,4,48,3,4,,A65,4,4,A93,1,3,,37,2,2,1,3,1,2,A201,1
658,2,30,1,10,,A61,3,2,A92,1,1,,28,3,2,2,3,1,1,A201,1
659,2,18,5,3,,A61,5,2,A93,1,1,2.0,41,3,2,1,3,1,2,A201,1
660,3,12,3,4,,A61,3,3,A94,1,4,1.0,23,3,1,1,3,1,1,A201,1
661,1,12,3,1,,A65,3,4,A94,1,2,,23,3,2,1,3,1,1,A201,2
662,4,21,3,3,,A61,5,4,A93,1,2,1.0,50,3,2,2,3,1,1,A201,1
663,2,6,4,3,,A61,1,4,A93,1,1,,35,2,2,2,4,1,2,A201,1
664,3,6,5,7,,A61,3,2,A92,1,4,,50,3,2,1,2,1,1,A201,1
665,4,24,5,11,,A61,1,4,A93,2,2,2.0,27,1,2,2,4,1,2,A201,1
666,2,30,2,3,,A64,3,4,A93,1,2,,34,2,2,1,3,2,2,A201,1
667,4,48,2,10,,A61,3,1,A92,1,1,1.0,27,2,2,1,3,1,1,A201,1
668,1,12,5,1,,A61,5,3,A93,2,4,,43,3,1,2,3,1,2,A201,2
669,3,30,5,4,,A61,5,4,A93,1,4,,47,3,2,1,3,1,1,A201,1
670,4,24,5,10,,A62,3,3,A93,1,3,,27,3,2,2,2,1,2,A201,1
671,4,36,3,10,,A62,4,2,A93,1,2,,31,3,2,2,3,1,2,A201,1
672,4,60,3,1,,A61,5,2,A93,1,4,,42,3,2,1,4,1,2,A201,1
673,4,6,5,1,,A63,3,1,A94,1,2,,24,3,2,1,3,1,1,A201,1
674,4,21,4,10,,A63,2,4,A93,1,2,1.0,41,1,2,1,2,2,1,A201,2
675,4,30,5,4,,A61,4,4,A92,1,4,,26,3,1,1,4,1,2,A201,1
676,4,24,5,3,,A61,5,4,A93,1,4,,33,3,2,1,3,1,2,A201,1
677,2,72,3,4,,A62,3,2,A94,1,2,,24,3,2,1,3,1,1,A201,2
678,1,24,3,4,,A61,5,4,A93,1,4,1.0,64,1,1,1,2,1,1,A201,1
679,4,18,3,4,,A61,2,3,A92,1,1,1.0,26,3,2,1,3,1,1,A201,1
680,4,6,3,7,,A61,2,1,A92,1,2,2.0,56,3,2,1,3,1,1,A201,1
681,4,12,3,4,,A65,3,4,A93,1,4,2.0,37,3,3,1,3,1,2,A201,1
682,4,15,4,4,,A61,3,4,A94,1,3,1.0,33,1,2,2,3,1,1,A201,1
683,4,24,5,4,,A61,2,3,A94,1,3,2.0,47,3,3,3,3,1,2,A201,1
684,2,36,4,10,,A62,4,1,A93,1,3,,31,3,2,2,2,2,2,A201,1
685,4,60,3,1,,A65,3,4,A93,1,4,2.0,34,3,3,1,3,2,2,A201,1
686,3,10,5,4,,A65,4,4,A93,1,2,,27,3,2,2,3,1,2,A201,1
687,2,36,4,1,,A62,5,4,A93,1,3,2.0,30,3,3,1,3,1,1,A201,1
688,4,9,3,4,,A62,5,3,A93,2,4,,35,3,2,1,3,1,2,A201,1
689,1,12,3,1,,A64,3,1,A93,1,3,,31,3,2,1,3,2,1,A201,1
690,1,15,5,3,,A61,3,2,A91,1,3,,25,3,2,2,3,1,1,A201,1
691,2,15,3,6,,A62,3,3,A92,1,2,1.0,25,3,2,1,2,1,1,A201,1
692,2,24,3,4,,A62,2,2,A93,1,1,,29,3,2,1,3,1,1,A201,1
693,1,6,5,1,,A65,2,1,A93,1,3,1.0,44,3,2,2,2,2,1,A201,1
694,4,24,3,4,,A61,4,4,A93,1,2,,28,3,2,1,3,1,2,A201,1
695,4,6,3,2,,A63,3,2,A93,1,4,,50,3,1,1,3,1,1,A201,1
696,2,12,3,4,,A61,4,4,A93,3,3,1.0,29,3,2,2,3,1,1,A202,1
697,4,12,5,1,,A61,1,1,A92,1,2,,38,3,2,1,1,1,1,A201,1
698,4,18,5,4,,A61,3,4,A93,1,2,,24,3,2,2,3,1,1,A201,1
699,3,15,3,7,,A61,5,4,A93,1,4,,40,3,1,1,4,1,2,A201,1
700,4,12,3,3,,A63,3,4,A92,1,4,,29,3,1,1,2,1,1,A201,2
701,1,48,5,2,,A61,5,4,A93,1,4,2.0,46,3,3,2,3,1,2,A201,2
702,3,24,3,4,,A62,5,4,A92,1,2,2.0,47,3,3,1,3,1,2,A201,1
703,2,30,4,10,,A62,5,4,A93,1,2,,41,2,2,2,3,1,1,A201,1
704,2,27,3,10,,A61,2,4,A92,1,1,,32,3,2,1,3,2,2,A201,1
705,4,15,3,1,,A63,5,1,A92,1,4,2.0,35,3,3,1,3,1,1,A201,1
706,2,48,3,1,,A62,4,3,A93,1,2,,24,3,2,1,3,1,1,A201,2
707,2,12,1,3,,A61,2,4,A92,1,3,,25,3,1,2,3,1,1,A201,2
708,2,9,3,4,,A61,5,4,A92,1,4,1.0,25,3,2,1,3,1,1,A201,1
709,2,9,3,4,,A61,3,2,A93,1,2,1.0,37,3,2,1,2,2,1,A201,1
710,4,18,5,4,,A63,5,4,A93,1,3,,32,1,2,2,4,1,2,A201,1
711,1,6,2,7,,A61,5,4,A92,1,4,2.0,35,3,3,1,3,1,1,A201,2
712,4,21,3,2,,A65,5,4,A93,1,4,1.0,46,3,2,1,4,1,2,A201,1
713,1,9,5,4,,A61,3,4,A93,1,4,1.0,25,3,2,2,2,1,1,A201,1
714,2,60,3,1,,A61,4,4,A93,1,2,2.0,27,3,2,1,4,1,2,A201,2
715,4,30,5,2,,A65,5,1,A93,1,4,,63,3,2,2,3,1,1,A201,1
716,4,30,5,4,,A65,5,3,A93,1,2,,40,3,2,2,3,2,2,A201,1
717,4,18,3,4,,A61,3,4,A93,1,2,2.0,32,3,3,1,4,1,2,A201,1
718,3,24,5,4,,A65,3,3,A93,1,2,,31,3,2,2,3,1,2,A201,1
719,2,20,1,2,,A62,5,3,A94,1,4,,31,1,2,2,3,1,2,A201,1
720,3,9,1,4,,A61,2,4,A93,1,2,,34,3,2,2,4,1,2,A201,2
721,2,6,2,7,,A64,2,4,A92,1,2,,24,1,1,1,3,2,1,A201,2
722,1,12,3,1,,A61,3,4,A92,1,2,1.0,24,3,2,1,2,1,1,A201,2
723,2,9,3,4,,A63,3,4,A92,1,3,1.0,66,3,2,1,2,1,1,A201,1
724,4,27,3,1,,A61,3,3,A92,1,3,1.0,21,3,1,1,3,1,1,A201,2
725,4,6,5,1,,A64,3,2,A92,1,2,1.0,41,1,2,2,2,1,1,A201,1
726,4,15,5,4,,A63,3,2,A94,1,2,,47,3,2,2,2,1,1,A201,1
727,1,18,3,4,,A61,3,4,A92,1,4,,25,1,1,2,3,1,1,A201,2
728,2,48,2,10,,A61,5,4,A92,1,3,2.0,59,3,1,1,3,1,1,A201,2
729,3,24,5,10,,A64,3,2,A91,1,4,1.0,36,3,2,2,3,1,2,A201,1
730,2,24,4,4,,A61,2,1,A93,1,2,,33,3,2,1,3,1,1,A201,1
731,1,24,3,4,,A61,3,2,A93,1,4,1.0,21,3,1,1,2,2,1,A201,2
732,2,8,3,4,,A61,4,4,A92,3,2,1.0,44,3,2,1,2,1,1,A201,1
733,4,24,3,2,,A64,3,2,A92,1,4,,28,3,1,1,3,1,2,A201,1
734,4,4,5,1,,A61,4,1,A92,1,1,1.0,37,3,2,1,3,2,1,A201,1
735,2,36,2,5,,A65,2,3,A92,1,2,2.0,29,1,2,1,1,1,1,A201,1
736,2,24,3,2,,A61,3,1,A92,1,4,,23,3,1,2,4,1,1,A201,2
737,1,18,3,1,,A62,3,3,A93,1,4,,35,3,2,1,2,2,2,A201,1
738,4,6,5,1,,A61,4,1,A93,1,3,2.0,45,3,2,2,4,2,2,A201,1
739,2,30,1,10,,A62,3,4,A92,1,4,,26,3,1,2,2,1,1,A201,2
740,1,24,2,1,,A62,4,2,A93,1,3,,32,1,2,1,3,1,1,A201,1
741,2,10,2,4,,A61,3,4,A93,1,4,1.0,23,2,2,1,2,1,1,A201,1
742,4,21,3,4,,A65,5,4,A93,1,3,,41,3,2,1,3,1,2,A201,1
743,1,24,2,3,,A63,3,4,A93,1,4,1.0,22,2,2,1,3,1,2,A201,1
744,1,39,5,3,,A65,4,4,A93,1,4,,30,3,2,2,4,1,2,A201,1
745,1,13,5,10,,A61,2,3,A93,1,1,,28,1,2,2,2,1,1,A201,1
746,1,15,3,1,,A61,1,1,A92,1,4,,23,3,1,1,3,1,1,A201,1
747,1,12,3,1,,A61,2,3,A92,1,1,1.0,37,3,2,1,2,1,1,A201,2
748,4,21,3,2,,A65,3,1,A93,1,3,,26,3,2,1,3,1,1,A201,1
749,4,15,3,2,,A61,4,2,A93,1,2,,33,3,2,1,3,1,1,A201,1
750,1,6,3,3,,A61,5,2,A92,1,1,,49,1,2,1,3,1,2,A201,1
751,1,18,3,1,,A61,2,1,A92,1,2,,23,3,2,1,2,1,1,A201,2
752,2,12,3,10,,A62,4,2,A92,1,4,1.0,23,3,1,1,2,1,1,A201,1
753,4,30,5,4,,A61,4,4,A92,1,2,,25,3,2,2,3,1,1,A201,1
754,4,12,4,6,,A64,5,4,A93,1,4,2.0,55,3,3,2,3,2,1,A201,2
755,1,24,3,1,,A65,4,4,A92,1,4,2.0,32,3,1,1,3,1,1,A201,2
756,3,6,5,1,,A61,3,1,A93,1,1,1.0,74,3,2,3,1,2,1,A202,1
757,3,15,5,4,,A65,3,3,A93,1,4,2.0,39,3,3,2,3,1,2,A201,2
758,4,24,3,1,,A61,3,2,A93,3,2,1.0,31,3,2,1,3,1,2,A201,1
759,1,12,5,1,,A61,5,4,A93,1,3,,35,3,2,2,3,1,1,A201,2
760,4,15,5,1,,A65,5,1,A92,1,4,,59,3,2,1,3,1,2,A201,1
761,1,18,5,3,,A61,3,4,A92,1,4,1.0,24,3,1,2,3,1,1,A201,2
762,1,12,3,4,,A61,3,4,A93,1,3,,24,3,2,1,2,1,1,A201,1
763,4,21,5,1,,A65,5,4,A93,1,4,2.0,30,3,3,1,4,1,2,A201,2
764,4,24,5,1,,A62,4,4,A94,1,3,,27,3,2,2,3,1,2,A201,1
765,2,12,3,4,,A61,5,3,A94,3,3,1.0,40,1,2,2,2,1,1,A201,1
766,1,30,3,3,,A61,2,2,A91,1,4,,31,3,2,1,2,1,1,A201,2
767,4,10,3,2,,A65,2,1,A92,1,4,1.0,31,3,1,1,3,1,1,A201,1
768,2,12,5,3,,A61,5,1,A93,1,4,,28,3,1,3,3,1,2,A201,1
769,4,12,5,4,,A61,5,2,A93,1,4,1.0,63,3,2,2,2,1,2,A201,1
770,1,24,3,2,,A65,5,2,A92,1,4,1.0,26,3,1,1,3,1,1,A201,1
771,1,36,5,7,,A61,3,3,A92,1,2,2.0,25,3,2,2,4,1,2,A201,2
772,4,21,5,2,,A61,5,1,A93,1,4,,36,3,2,1,4,1,2,A201,1
773,4,24,5,4,,A62,5,4,A93,1,4,,52,1,2,2,3,1,1,A201,1
774,3,12,5,1,,A63,1,2,A93,1,4,2.0,66,1,3,3,1,1,1,A201,1
775,1,24,3,1,,A65,3,4,A92,1,4,1.0,25,3,1,1,3,1,1,A201,2
776,4,36,5,1,,A61,4,4,A93,1,4,,37,3,2,2,3,1,2,A201,1
777,1,18,3,4,,A61,4,4,A92,3,1,1.0,25,3,2,1,3,1,1,A201,1
778,4,36,5,2,,A64,5,4,A93,1,2,,38,3,2,2,4,1,2,A201,1
779,2,18,3,6,,A61,1,2,A92,1,4,,67,3,2,1,3,1,2,A201,1
780,2,39,5,4,,A61,4,2,A93,3,2,1.0,25,3,2,2,3,1,1,A201,2
781,4,24,5,1,,A64,5,4,A93,1,4,1.0,60,3,2,1,3,1,2,A201,1
782,2,12,1,9,,A61,3,2,A93,1,2,1.0,31,3,2,1,2,1,2,A201,1
783,2,12,3,1,,A62,2,4,A92,1,2,,23,1,2,1,2,1,1,A201,2
784,2,20,3,2,,A65,1,1,A91,1,4,1.0,60,3,2,1,4,1,2,A201,1
785,2,18,3,10,,A64,3,4,A93,1,2,,35,3,2,1,2,1,2,A201,1
786,4,22,3,4,,A63,5,3,A93,1,4,,40,3,2,1,3,1,1,A201,1
787,4,48,5,2,,A65,5,4,A93,1,3,,38,3,2,2,3,2,2,A201,1
788,2,48,4,7,,A61,5,4,A93,1,4,2.0,50,3,3,1,3,1,1,A201,2
789,1,40,5,7,,A61,3,4,A93,1,3,2.0,27,1,2,1,3,1,2,A201,2
790,2,21,3,10,,A61,5,2,A92,1,4,,39,3,2,1,3,2,1,A201,2
791,4,24,3,2,,A65,5,3,A93,1,4,,41,3,2,1,4,2,2,A201,1
792,4,6,5,3,,A65,3,1,A94,1,2,,27,3,2,2,3,1,1,A201,1
793,3,24,3,3,,A61,5,3,A91,1,4,2.0,51,3,3,1,3,1,1,A201,1
794,4,24,3,3,,A63,5,4,A93,1,3,2.0,32,3,1,1,3,1,2,A201,1
795,4,9,3,3,,A62,2,2,A92,1,4,,22,3,1,1,3,1,1,A201,1
796,1,18,3,2,,A65,5,1,A93,1,4,,51,3,3,1,3,2,2,A201,2
797,4,12,5,3,,A61,2,2,A92,1,4,,22,3,1,2,2,1,1,A201,1
798,4,24,4,1,,A65,5,4,A94,1,4,,54,3,2,2,3,1,2,A201,1
799,2,9,3,1,,A65,2,4,A93,1,2,1.0,35,3,2,1,1,1,1,A201,1
800,4,24,5,7,,A61,5,4,A93,1,4,2.0,54,3,3,2,3,2,1,A201,1
801,2,18,5,4,,A61,5,3,A92,3,4,1.0,48,1,1,2,2,1,2,A201,1
802,1,20,5,3,,A61,5,1,A92,1,4,,24,3,2,2,3,1,1,A201,1
803,4,12,5,4,,A65,5,4,A93,1,4,,35,3,2,2,3,1,1,A201,1
804,2,12,3,1,,A65,1,1,A92,1,2,1.0,24,3,1,1,1,1,1,A201,1
805,1,36,3,1,,A61,4,2,A93,1,1,,24,3,2,1,3,1,2,A201,2
806,2,6,3,4,,A61,2,3,A94,1,3,1.0,26,3,2,1,2,1,1,A202,1
807,4,12,5,4,,A65,5,4,A93,1,4,1.0,65,3,2,4,3,1,1,A201,1
808,2,42,2,2,,A61,1,1,A93,1,2,2.0,55,1,3,1,4,1,2,A201,1
809,2,15,1,1,,A61,2,2,A92,1,1,1.0,26,3,1,2,1,1,1,A201,2
810,2,8,3,10,,A61,2,3,A94,1,2,1.0,26,3,2,1,3,1,2,A201,1
811,2,6,3,4,,A61,4,3,A94,3,3,1.0,28,1,2,1,2,1,1,A201,1
812,1,36,5,2,,A61,4,4,A93,1,4,,24,3,2,2,3,1,2,A201,2
813,1,48,3,5,,A61,3,3,A93,1,4,,54,3,2,1,3,1,1,A201,2
814,1,48,3,1,,A61,4,4,A93,1,4,2.0,46,3,3,1,3,2,1,A201,2
815,2,36,4,1,,A61,3,2,A92,1,2,,54,3,1,1,3,1,1,A201,1
816,4,6,3,5,,A63,3,1,A91,1,4,1.0,62,3,2,1,3,1,1,A201,1
817,4,6,5,4,,A61,4,1,A92,1,2,,24,3,1,2,3,1,2,A201,1
818,1,36,3,11,,A61,1,2,A91,2,3,,43,3,2,1,4,1,1,A201,1
819,1,18,3,4,,A61,3,4,A94,1,3,1.0,26,1,2,1,3,1,1,A201,2
820,4,12,3,1,,A61,3,3,A94,1,2,1.0,27,3,2,2,3,1,2,A201,1
821,3,12,3,4,,A61,3,3,A94,1,1,,24,3,2,1,3,1,1,A201,1
822,1,36,3,3,,A61,5,2,A93,1,2,,41,1,2,1,3,2,1,A201,2
823,1,8,5,1,,A61,5,4,A93,1,4,1.0,47,3,2,2,2,1,1,A201,1
824,4,18,5,3,,A61,2,3,A91,1,2,,35,3,2,2,4,1,2,A201,1
825,1,21,5,1,,A61,5,4,A94,1,3,,30,3,2,2,3,1,2,A201,1
826,1,18,5,1,,A61,5,1,A92,1,4,1.0,33,1,1,3,3,1,2,A201,2
827,4,18,1,10,,A61,3,2,A93,1,2,,36,2,2,2,3,2,1,A201,2
828,1,36,3,2,,A65,5,3,A93,1,4,2.0,47,3,3,1,3,1,1,A201,2
829,2,48,4,10,,A65,3,4,A93,1,4,2.0,38,3,3,1,3,2,2,A201,1
830,4,24,4,10,,A63,3,4,A93,1,2,,44,3,2,2,3,2,2,A201,1
831,1,18,3,1,,A61,2,4,A92,1,3,,23,3,1,1,3,1,2,A201,2
832,1,45,1,10,,A61,5,2,A93,1,4,,29,3,1,2,3,1,1,A201,2
833,2,24,3,4,,A65,5,2,A92,1,4,,42,3,2,1,3,1,2,A201,1
834,3,15,3,4,,A61,2,2,A92,1,3,1.0,25,3,2,1,2,1,1,A201,2
835,1,12,1,1,,A61,3,4,A93,1,4,,48,1,2,2,3,1,1,A201,2
836,4,12,3,4,,A65,3,4,A92,1,2,,21,3,2,1,3,1,1,A201,1
837,4,4,3,3,,A61,2,1,A92,1,3,1.0,23,3,1,1,2,2,1,A201,1
838,1,24,5,2,,A61,5,4,A93,1,4,,63,3,2,2,3,1,2,A201,1
839,4,24,5,4,,A61,5,4,A94,2,3,1.0,46,3,2,2,3,1,1,A201,1
840,1,36,3,3,,A61,4,4,A93,1,2,,29,3,2,1,3,1,1,A201,2
841,4,21,4,2,,A61,3,3,A93,1,2,1.0,28,2,2,2,2,1,1,A201,1
842,4,18,3,6,,A61,2,4,A92,1,4,1.0,23,3,2,1,3,1,1,A201,2
843,4,24,2,10,,A61,4,4,A93,1,4,,50,1,2,1,3,1,2,A201,1
844,4,18,3,3,,A61,5,4,A93,1,4,,47,1,2,3,3,2,2,A201,1
845,2,21,3,3,,A65,4,2,A93,1,3,,35,3,2,1,3,1,2,A201,1
846,4,18,3,1,,A65,3,2,A93,1,4,,68,3,1,2,3,1,1,A201,2
847,4,24,3,1,,A61,2,4,A94,1,2,1.0,28,3,2,1,3,1,1,A201,1
848,1,9,3,4,,A61,4,3,A93,1,4,1.0,59,3,2,1,3,1,1,A201,1
849,1,12,3,4,,A61,5,4,A93,1,4,1.0,57,2,2,1,2,1,1,A201,2
850,1,20,5,1,,A61,3,4,A94,3,2,,33,1,1,2,3,1,1,A202,2
851,4,24,5,2,,A65,4,3,A93,1,4,,43,3,2,2,3,1,2,A201,1
852,4,15,5,4,,A61,3,4,A93,1,4,2.0,35,3,3,2,3,1,2,A201,1
853,1,18,2,1,,A61,4,4,A93,1,4,2.0,32,3,3,2,2,2,1,A201,2
854,4,36,4,1,,A61,5,2,A93,1,2,,45,3,2,2,3,2,2,A201,1
855,4,24,3,1,,A62,2,4,A94,1,3,1.0,33,3,2,1,3,1,2,A201,1
856,4,10,3,9,,A65,4,4,A92,1,3,,40,3,2,1,3,1,2,A201,1
857,4,15,5,3,,A61,3,4,A93,1,2,2.0,28,3,3,1,3,1,2,A201,1
858,1,15,3,1,,A61,3,3,A92,1,2,,29,3,2,1,3,1,2,A201,2
859,4,9,3,1,,A62,3,1,A93,3,2,1.0,26,3,1,1,3,2,1,A202,1
860,4,24,5,2,,A64,3,4,A93,1,2,1.0,27,3,2,2,3,1,1,A201,1
861,4,18,4,10,,A61,3,4,A94,1,2,,28,3,2,1,3,1,2,A201,2
862,1,24,3,4,,A61,2,4,A92,1,4,1.0,35,3,2,1,3,1,2,A201,2
863,4,27,5,3,,A64,2,4,A93,1,2,1.0,32,2,2,2,2,2,2,A201,1
864,4,10,3,3,,A61,3,2,A93,1,2,1.0,25,1,1,1,2,1,1,A201,2
865,4,15,3,3,,A63,3,2,A92,1,4,,20,3,1,1,3,1,1,A201,1
866,1,18,3,4,,A61,2,4,A92,1,1,,27,2,2,1,3,1,1,A201,1
867,4,12,5,3,,A61,5,2,A93,1,4,,42,2,2,1,3,1,1,A201,1
868,4,36,3,10,,A65,5,3,A93,1,2,,37,3,2,2,3,1,1,A201,1
869,1,12,3,3,,A61,5,4,A92,1,4,,24,3,1,1,3,1,1,A201,1
870,4,36,4,3,,A63,4,2,A92,1,4,,40,3,2,2,3,1,2,A201,1
871,3,6,5,1,,A61,5,1,A93,1,4,1.0,46,3,2,2,3,2,1,A202,1
872,1,24,5,10,,A62,4,4,A93,1,1,1.0,26,3,2,2,3,1,2,A201,1
873,4,15,3,5,,A65,2,4,A92,1,1,1.0,24,3,2,1,3,1,1,A201,1
874,1,12,3,3,,A61,3,2,A93,2,2,,29,3,2,1,2,2,1,A201,1
875,2,11,5,1,,A64,3,4,A92,1,4,,40,3,2,2,3,1,1,A201,1
876,1,18,2,4,,A61,2,3,A93,2,4,2.0,36,1,3,1,4,1,2,A201,1
877,4,36,3,4,,A61,5,4,A93,1,2,,28,3,2,1,3,1,1,A201,1
878,1,9,3,1,,A61,2,3,A93,1,2,2.0,27,3,3,1,4,1,2,A201,2
879,4,30,5,4,,A65,4,2,A93,1,3,,36,3,2,2,3,1,1,A201,1
880,4,24,3,2,,A61,4,3,A93,1,3,,38,3,2,1,4,1,2,A201,1
881,4,24,3,2,,A65,3,2,A91,1,4,2.0,48,3,3,1,3,1,2,A201,1
882,2,30,5,1,,A65,5,4,A93,1,4,1.0,36,3,2,2,3,1,1,A201,1
883,4,18,5,4,,A61,1,4,A92,1,4,,65,3,2,2,1,1,1,A201,1
884,2,24,3,3,,A61,4,3,A91,1,3,,43,3,2,1,3,1,2,A201,2
885,1,12,3,7,,A61,2,4,A92,1,4,,53,3,2,1,3,1,1,A201,2
886,2,24,5,10,,A65,4,4,A93,1,3,2.0,34,3,2,2,3,2,2,A201,1
887,2,48,3,10,,A61,3,2,A93,1,2,,23,3,2,1,3,1,2,A201,2
888,4,36,5,1,,A61,5,4,A93,1,4,,34,3,2,2,4,1,2,A201,1
889,4,28,2,2,,A65,2,3,A93,3,4,1.0,40,1,1,2,3,2,2,A201,1
890,1,27,5,10,,A61,5,4,A93,1,4,,43,2,2,4,4,2,2,A201,1
891,4,15,5,4,,A61,5,4,A93,1,4,,46,3,2,2,3,1,2,A201,1
892,1,12,5,1,,A61,3,4,A93,1,4,,38,1,2,2,2,1,1,A202,1
893,2,36,5,2,,A61,3,3,A93,1,4,,34,3,2,2,3,1,2,A201,1
894,4,18,5,4,,A65,3,4,A93,1,3,,29,3,2,2,3,1,2,A201,1
895,4,36,4,2,,A65,4,3,A93,1,2,,31,2,2,1,4,2,2,A201,1
896,1,21,3,4,,A61,2,4,A92,1,4,,28,3,1,1,4,1,2,A201,1
897,4,12,5,3,,A64,4,3,A92,1,2,,35,3,2,1,3,1,1,A202,1
898,4,15,3,3,,A65,4,1,A92,1,4,1.0,33,1,1,1,2,1,1,A201,1
899,1,18,3,3,,A61,3,2,A93,2,3,,42,3,2,1,3,1,1,A201,2
900,1,16,5,1,,A61,5,2,A93,3,4,,43,1,1,1,3,1,2,A201,2
901,4,20,5,1,,A65,2,2,A91,1,4,1.0,44,3,2,2,3,1,2,A201,1
902,4,36,5,2,,A65,5,2,A93,1,4,2.0,42,3,3,2,3,1,1,A201,1
903,4,15,3,4,,A65,3,4,A94,1,2,1.0,40,3,1,1,3,1,2,A201,1
904,4,24,3,4,,A61,5,4,A93,1,1,1.0,36,3,2,1,4,1,2,A201,1
905,1,12,3,4,,A61,3,2,A93,1,2,1.0,20,3,1,1,4,2,2,A201,1
906,1,21,3,1,,A65,4,2,A93,2,2,1.0,24,3,2,1,2,1,1,A202,1
907,2,36,3,7,,A65,3,2,A94,1,2,,27,3,2,1,3,1,1,A201,1
908,4,15,4,2,,A61,2,1,A92,1,2,,46,3,2,2,2,1,1,A201,1
909,2,9,3,1,,A65,3,1,A92,1,2,1.0,33,3,2,1,2,1,1,A201,1
910,4,36,4,4,,A61,3,4,A92,1,4,1.0,34,3,2,2,3,1,1,A201,1
911,2,24,5,3,,A61,2,2,A92,1,4,,25,1,2,1,2,1,1,A201,2
912,2,30,3,4,,A65,5,2,A92,1,4,,25,3,2,1,3,1,1,A201,1
913,4,11,3,10,,A64,5,1,A91,1,2,1.0,28,3,2,1,3,1,2,A201,1
914,1,24,2,10,,A61,3,4,A93,1,2,,31,3,1,1,3,1,2,A201,2
915,2,48,1,11,,A61,3,1,A92,1,2,,32,1,2,1,4,1,2,A202,2
916,4,10,3,2,,A62,3,1,A93,2,2,1.0,32,3,2,1,3,2,1,A201,1
917,1,6,3,1,,A61,5,1,A93,1,4,2.0,68,1,2,1,4,1,2,A201,2
918,1,24,3,3,,A62,1,1,A91,1,1,,33,3,2,1,3,1,1,A201,2
919,1,24,3,3,,A61,5,4,A93,1,2,,39,3,1,1,4,1,2,A201,2
920,4,18,5,3,,A61,3,4,A92,1,2,2.0,28,3,2,2,3,1,1,A201,1
921,4,48,4,4,,A63,4,4,A93,1,1,,37,3,2,1,4,1,2,A201,1
922,1,9,3,4,,A61,2,3,A92,1,4,,22,3,1,1,3,1,1,A201,2
923,2,12,3,1,,A61,4,3,A93,1,4,,30,3,1,1,3,2,2,A201,1
924,1,24,2,3,,A61,2,2,A91,1,1,,55,1,2,1,3,1,2,A201,2
925,1,12,2,1,,A61,2,4,A93,1,2,,46,1,2,2,3,1,2,A201,2
926,1,18,5,3,,A61,2,4,A92,1,4,,21,3,1,1,3,1,1,A201,1
927,1,48,3,2,,A61,4,4,A93,1,4,2.0,39,2,3,3,3,2,2,A201,2
928,4,30,3,4,,A65,5,4,A93,1,4,,58,3,2,1,3,1,2,A201,1
929,1,12,4,1,,A61,3,4,A93,1,2,1.0,43,3,2,2,2,2,1,A201,1
930,1,24,3,3,,A61,2,4,A93,2,1,,24,3,2,1,2,1,1,A202,1
931,2,9,3,4,,A61,2,4,A92,1,2,,22,3,2,1,3,1,2,A201,2
932,4,9,5,1,,A61,3,3,A93,1,1,1.0,30,3,2,2,3,1,1,A201,1
933,4,12,5,4,,A63,5,4,A93,1,4,,42,3,2,2,3,2,2,A201,1
934,1,12,3,4,,A61,3,4,A92,1,1,,23,1,2,1,3,1,1,A201,1
935,2,30,4,4,,A62,2,4,A93,1,3,2.0,30,2,2,2,4,1,1,A201,2
936,3,9,3,4,,A61,3,3,A92,1,2,1.0,28,3,2,1,2,1,1,A201,2
937,2,6,3,4,,A61,2,4,A94,1,3,,30,3,1,1,4,1,2,A201,1
938,2,60,3,7,,A61,3,4,A93,1,4,2.0,42,3,3,1,3,1,1,A201,2
939,4,24,5,2,,A65,3,2,A93,1,4,,46,3,2,2,4,2,2,A201,1
940,4,12,3,1,,A65,2,2,A93,1,3,,45,3,2,1,4,2,2,A201,1
941,4,10,3,1,,A61,3,3,A93,1,2,1.0,31,3,2,1,2,2,1,A202,1
942,4,24,3,3,,A65,4,4,A93,1,2,,31,2,2,1,3,1,2,A201,1
943,4,4,5,1,,A61,4,2,A93,1,1,1.0,42,3,2,3,2,2,1,A201,1
944,1,15,3,3,,A61,2,4,A92,3,1,,46,3,1,1,3,1,1,A201,1
945,2,48,1,1,,A63,2,1,A92,1,1,,30,3,2,2,3,1,1,A201,1
946,1,24,2,3,,A63,2,4,A93,1,4,2.0,30,3,3,1,3,2,2,A201,2
947,4,12,3,1,,A65,1,4,A93,1,4,2.0,38,3,2,1,4,1,2,A201,1
948,4,18,3,3,,A61,2,4,A94,2,1,,43,3,2,1,2,2,1,A201,2
949,4,24,3,4,,A62,5,2,A93,1,4,,31,3,2,2,3,1,1,A201,2
950,2,18,5,10,,A61,1,3,A94,1,3,,40,3,2,3,1,2,2,A201,1
951,1,36,4,10,,A61,4,2,A93,1,1,,24,3,2,2,3,1,2,A201,2
952,2,24,3,2,,A63,2,3,A92,1,4,,28,3,1,1,3,1,1,A201,2
953,4,36,3,3,,A61,1,4,A92,1,2,,26,3,2,2,4,1,2,A201,2
954,1,12,3,1,,A61,3,4,A92,3,4,,29,3,2,1,3,1,2,A201,1
955,1,24,5,4,,A64,5,4,A92,1,4,,57,3,1,2,4,1,2,A201,1
956,3,30,5,4,,A65,5,4,A93,1,4,,49,2,2,2,2,1,1,A201,1
957,2,9,5,4,,A61,5,2,A93,1,4,1.0,37,3,2,3,2,1,1,A201,1
958,1,28,3,1,,A61,3,3,A93,1,2,,45,3,2,1,2,1,1,A201,2
959,2,24,3,3,,A62,5,4,A93,1,4,2.0,30,3,3,1,3,1,1,A201,1
960,4,6,5,4,,A61,5,2,A94,1,2,1.0,30,3,1,2,3,1,1,A201,1
961,2,21,4,1,,A61,3,1,A91,1,4,,47,3,2,2,3,1,1,A201,1
962,4,15,3,1,,A65,3,3,A93,1,2,2.0,29,3,2,1,3,1,1,A201,1
963,4,24,3,4,,A63,5,3,A93,1,2,,35,1,2,2,3,1,2,A201,2
964,2,6,3,6,,A61,2,3,A94,1,1,,22,3,2,1,2,1,1,A201,1
965,2,30,3,4,,A65,3,4,A92,1,1,,26,3,2,1,3,1,1,A201,1
966,2,27,5,4,,A63,3,4,A93,1,2,,23,3,2,2,2,1,1,A201,2
967,4,15,3,4,,A61,5,4,A92,1,2,,54,1,1,1,4,1,2,A201,1
968,4,42,3,4,,A65,4,2,A94,1,4,,29,3,1,1,3,1,2,A201,1
969,1,11,5,1,,A61,3,1,A93,1,2,1.0,40,3,2,2,2,2,1,A201,1
970,2,15,3,6,,A62,3,4,A93,3,2,1.0,22,3,2,1,3,1,1,A201,1
971,4,24,3,1,,A61,3,1,A93,1,4,,43,3,2,1,2,2,1,A201,1
972,1,24,2,1,,A61,1,1,A92,2,4,2.0,29,3,1,2,1,1,1,A201,2
973,1,60,3,10,,A61,5,4,A93,2,4,2.0,36,3,1,1,3,1,1,A201,2
974,4,30,5,4,,A61,3,4,A92,1,2,,33,3,2,1,3,1,2,A201,1
975,3,24,3,4,,A63,3,3,A92,1,3,,57,3,2,1,2,1,1,A201,1
976,2,6,3,4,,A61,3,2,A92,3,3,1.0,64,3,2,1,3,1,1,A201,1
977,2,18,4,10,,A65,5,4,A93,1,2,,42,3,2,2,3,1,1,A201,1
978,4,24,4,1,,A61,5,4,A93,1,4,,47,3,2,2,2,2,1,A201,2
979,2,15,2,1,,A62,3,2,A94,1,2,,25,3,1,1,3,1,1,A201,2
980,2,30,5,3,,A61,4,2,A93,1,2,,49,3,2,1,3,1,1,A201,2
981,4,48,3,10,,A61,1,3,A93,1,2,,33,1,1,1,4,1,2,A201,2
982,3,21,3,1,,A62,3,1,A92,1,1,,28,1,2,1,4,1,2,A201,1
983,1,36,3,2,,A61,3,2,A93,1,2,,26,3,2,1,3,2,1,A201,2
984,4,24,5,3,,A61,4,2,A93,1,2,,30,3,2,2,2,1,1,A201,1
985,1,15,5,3,,A61,3,4,A92,1,3,,25,3,1,2,3,1,1,A201,1
986,3,42,1,10,,A61,2,2,A91,1,1,,33,3,2,2,3,1,1,A201,1
987,4,13,3,4,,A62,1,2,A92,1,4,1.0,64,3,2,1,3,1,1,A201,1
988,1,24,3,2,,A61,1,4,A93,1,2,2.0,29,3,3,1,4,1,2,A201,1
989,2,24,5,4,,A61,5,4,A93,1,2,,48,3,2,2,2,1,1,A201,1
990,4,12,5,7,,A65,2,2,A93,1,1,,37,3,2,2,2,2,1,A201,1
991,4,15,2,4,,A62,5,4,A93,1,4,,34,1,2,1,2,2,1,A201,1
992,1,18,3,4,,A65,4,2,A94,1,4,,23,3,1,2,2,1,1,A201,1
993,1,36,3,3,,A61,1,4,A93,1,3,,30,3,2,1,4,1,2,A201,1
994,4,12,3,1,,A65,5,4,A93,1,3,,50,3,2,1,3,1,2,A201,1
995,4,12,3,3,,A61,4,3,A92,1,4,1.0,31,3,2,1,2,1,1,A201,1
996,1,30,3,2,,A61,3,4,A91,1,4,,40,3,2,1,4,1,2,A201,1
997,4,12,3,4,,A61,5,4,A93,1,4,,38,3,2,1,3,1,1,A201,1
998,1,45,3,4,,A61,3,4,A93,1,4,2.0,23,3,3,1,3,1,2,A201,2
999,2,45,5,2,,A62,1,3,A93,1,4,,27,3,2,1,3,1,1,A201,1
